id,domain,status,purchase_price,renewal_price,attractiveness,demand,length,registrar,created_at,expires_at,status_verified_at
b26656d1-337b-45c8-afd8-fe70ecfaf337,artery.cyou,premium,384,768,high,low,6,namesilo,,,20/09/2026 10:30
d895dd93-7dd9-4922-87dd-53015554285c,cocacola.cyou,premium,384,768,high,high,9,namesilo,,,17/09/2026 07:18
5ffcba9a-07ab-4d01-827d-5c0923c35125,modesty.cyou,available,19.48,,high,low,7,namecheap,,,
9f068c33-96a5-4dd0-a661-314e19622ee8,canadian.cyou,premium,195,390,high,low,8,namecheap,,,23/09/2026 12:40
1177b66a-8b38-46a4-9000-11050f620744,plentitude.cyou,available,1.39,25.98,medium,low,10,namecheap,,,15/09/2026 20:35
2a6b754f-23e6-446a-9485-9a5c3220b97d,acinar.cyou,available,1.39,25.98,medium,low,6,namecheap,,,
321d1b18-ce1a-4784-aa3d-98e62c8bc440,shovels.cyou,available,1.99,19.49,medium,low,7,namesilo,,,20/09/2026 10:22
a3f606ea-da23-408f-aa7e-c758d7cc836e,construct.cyou,premium,74.75,149.5,high,low,9,namecheap,,,24/09/2026 10:59
4e0b890c-1340-497a-a26e-2ab42c7900b4,corrosive.cyou,premium,192,384,medium,low,9,namesilo,,,13/08/2026 02:07
0dc01336-2e6f-41fb-af38-c969835ff171,ignition.cyou,premium,59.71,119.23,high,low,8,spaceship,,,28/09/2026 10:06
4c9da360-ec6f-4923-b2cc-3bfb547987d5,namely.cyou,available,1.99,19.49,medium,low,6,namesilo,,,28/09/2026 16:21
1f2fcda5-8bd9-4feb-a133-e4e5a3d0719b,carte.cyou,premium,390,780,medium,low,5,namecheap,,,23/09/2026 16:04
b84db153-fb15-4390-9bad-4d510d98b336,acumen.cyou,premium,384,768,high,low,6,namesilo,,,17/09/2026 05:39
b46a2529-067e-474c-8b0c-da58be416535,shapely.cyou,available,1.39,25.98,high,low,7,namecheap,,,10/09/2026 05:57
75c55d9a-02af-419e-8fce-eb727248051c,bless.cyou,premium,141.44,282.88,high,low,5,namesilo,,,
34cbe3a6-7a97-4df9-810f-876432c5f096,stably.cyou,premium,384,768,high,low,6,namesilo,,,16/09/2026 06:43
88f0523d-1eb6-4f82-bb35-df7c44efc6f9,robin.cyou,premium,41.08,81.97,high,low,5,spaceship,,,28/09/2026 21:00
15032282-59fc-4cf3-9c82-99dc292c9d83,proving.cyou,available,1.39,25.98,high,low,7,namecheap,,,28/09/2026 11:26
661ee216-cfb1-40dd-a488-b329e6942449,motivation.cyou,premium,68.43,147.2,high,low,10,namesilo,,,25/09/2026 21:49
bd47291f-4e1f-409c-aab0-e187132775fb,cellphone.cyou,premium,46.61,94.8,high,low,9,namesilo,,,24/09/2026 13:27
68f32317-3588-4d63-bc9d-f4377725d675,unbooked.cyou,available,1.39,25.98,medium,low,8,namecheap,,,12/09/2026 02:19
3584e79a-72e4-4109-af74-ef38ce02b690,mockery.cyou,available,1.39,25.98,medium,low,7,namecheap,,,22/08/2026 12:39
bb8cc7b3-55da-4b1f-bbe6-3d28fd236b1c,ampere.cyou,available,1.99,19.49,high,low,6,namesilo,,,18/09/2026 23:06
b99a2497-30ac-432b-b843-6604130bda43,appetising.cyou,available,1.39,25.98,medium,low,10,namecheap,,,06/08/2026 06:50
8cb5919a-0ec7-4c22-b302-8036e648e1b3,andrews.cyou,premium,51.35,102.7,high,low,7,namecheap,,,19/09/2026 04:49
5cc7d195-8c52-4ff6-b63a-ffb89c021f82,gangster.cyou,premium,59.71,119.23,medium,low,8,spaceship,,,28/09/2026 09:51
aa92164f-1b78-4968-a83d-5e24078a70ec,oaxaca.cyou,premium,68.43,147.2,high,low,6,namesilo,,,28/09/2026 06:30
34a52e2c-cd6e-4814-bd39-7fcbe170306b,lamb.cyou,premium,390,780,high,low,4,namecheap,,,27/09/2026 03:31
1bd29b84-45f4-4b10-a028-c9c2964bb7bf,ignoring.cyou,available,1.99,16.27,medium,low,8,dynadot,,,28/09/2026 11:32
b570e5bf-24d7-451d-b8a7-0dbf91db540b,undeveloped.cyou,available,19.48,,medium,low,11,namecheap,,,
1e321a3d-8d07-4d8f-bac6-0daab9c1c15a,arawak.cyou,available,1.39,25.98,high,low,6,namecheap,,,06/08/2026 12:38
8dc20812-392d-4255-8dbe-e1c69cf1674e,william.cyou,premium,195,390,high,low,7,namecheap,,,17/09/2026 13:23
fd78b3c3-479b-42a2-8624-927487526528,fad.cyou,premium,390,780,high,low,3,namecheap,,,24/09/2026 19:13
a0f01eab-ec49-46df-841d-5ee8c205f822,bradford.cyou,premium,46.61,94.8,high,low,8,namesilo,,,25/09/2026 02:02
28f15f54-3343-4c77-b70c-07b1084a7bbe,fain.cyou,premium,46.61,94.8,medium,low,4,namesilo,,,14/08/2026 12:05
c1e63254-a003-45b6-86a5-3358f2f5e391,sextuple.cyou,available,1.39,25.98,medium,low,8,namecheap,,,10/09/2026 05:19
539fb8f8-77f5-442f-b04a-380dca89ae88,overtly.cyou,available,1.39,25.98,medium,low,7,namecheap,,,15/09/2026 18:31
5491592b-24de-4e49-9a21-3311154ea25c,tuskegee.cyou,available,1.99,19.49,high,low,8,namesilo,,,28/09/2026 15:29
32b1982a-591f-4fe4-bbb5-9e106051f91d,admitted.cyou,available,1.99,19.49,medium,low,8,namesilo,,,27/09/2026 22:14
d1c68110-ccbf-41e4-b5ba-370c909ce6b0,tipped.cyou,available,1.39,25.98,high,low,6,namecheap,,,07/08/2026 13:33
61dd0169-ec92-43af-870e-27ef56f6eb71,synoptical.cyou,available,1.39,25.98,medium,low,10,namecheap,,,11/09/2026 06:35
19149d74-6657-4a33-83c9-8e270e560463,firstborn.cyou,available,1.39,25.98,high,low,9,namecheap,,,16/08/2026 02:17
c3c6236a-63dc-4fff-82fa-6482bb8106d5,cheese.cyou,premium,310.7,621.2,high,low,6,spaceship,,,28/09/2026 12:55
c9e06fd7-601a-487c-88d3-6a0e404f475b,swart.cyou,premium,384,768,medium,low,5,namesilo,,,11/09/2026 05:22
75ece611-0b58-47c3-af76-a8d06a71b766,abactinal.cyou,available,1.39,25.98,medium,low,9,namecheap,,,
e74c60da-9207-4d2e-98bf-fc87fbbd8dfd,roasted.cyou,premium,68.43,147.2,high,low,7,namesilo,,,27/09/2026 15:50
cdc950f0-c09c-490f-aa6b-82fe705e463d,bravo.cyou,premium,384,768,high,medium,5,namesilo,,,28/09/2026 22:45
fdd65c8d-4445-40f8-a239-754d1f50d3c7,veterans.cyou,premium,68.43,147.2,high,low,8,namesilo,,,18/09/2026 11:06
a8c9da2b-d4be-4569-913f-fc09e33c8e7f,bronte.cyou,available,1.39,25.98,high,low,6,namecheap,,,19/09/2026 10:16
c6e0e1a2-ee72-459a-8a4b-c146648e66c0,ram.cyou,premium,390,780,high,low,3,namecheap,,,20/09/2026 05:25
bee4464b-eef2-47a4-816a-9e3b348997de,footing.cyou,premium,68.43,147.2,high,low,7,namesilo,,,22/09/2026 11:02
6b5d059b-7bf4-4e15-af32-178739f46ea5,involve.cyou,premium,141.44,282.88,high,low,7,namesilo,,,
7fbbdadc-7a33-4b0d-82a6-48f49d9cde70,pupils.cyou,premium,310.7,621.2,low,low,6,spaceship,,,28/09/2026 17:49
363a3c29-1f09-410a-9d0f-05f1d0531280,went.cyou,premium,16.52,33.04,high,low,4,namesilo,,,
9956b356-e84e-4fbc-b2cf-2cef062abdcf,morton.cyou,premium,384,768,high,low,6,namesilo,,,25/09/2026 05:58
a714eea0-fb94-460b-beff-cd4c099a3609,ocular.cyou,available,1.39,25.98,high,low,6,namecheap,,,04/09/2026 00:41
e9298d7c-ad6a-4c92-b50d-68968bc02468,claiming.cyou,available,1.99,19.49,high,low,8,namesilo,,,28/09/2026 11:29
07ac66a8-394d-408c-95e9-557a9d235ee1,scrubby.cyou,available,1.39,25.98,medium,low,7,namecheap,,,09/09/2026 23:39
f578596b-7a1e-46c6-a6f2-3438ebd38caa,roadblock.cyou,available,1.99,19.49,medium,low,9,namesilo,,,22/09/2026 08:30
b1b0a994-c95d-45f8-9f19-6445a7c7dd6e,baedeker.cyou,available,1.39,25.98,medium,low,8,namecheap,,,21/09/2026 17:22
7442cea6-1cc3-4da3-af1b-cd0fbcdd6bab,uppity.cyou,available,1.39,25.98,medium,low,6,namecheap,,,12/09/2026 23:17
08078bb6-ddfd-4466-a2cf-94b028264f44,josh.cyou,premium,46.61,94.8,high,medium,4,namesilo,,,22/08/2026 13:51
9eaec16b-667a-42dc-bba6-5341bdbeac89,poached.cyou,available,1.39,25.98,medium,low,7,namecheap,,,10/08/2026 17:34
0208499b-fe18-4776-adb5-207d4f1d78de,slushy.cyou,available,1.39,25.98,medium,low,6,namecheap,,,09/08/2026 01:25
2291892a-e261-4b0a-8636-4f616b3431dc,indonesian.cyou,premium,68.43,147.2,high,low,10,namesilo,,,22/08/2026 03:20
d28cef35-3e07-4a16-aa28-811f15e156d2,hirsute.cyou,available,1.39,25.98,medium,low,7,namecheap,,,20/08/2026 22:11
2c10256b-0d4d-41f4-bf1d-0025437d7b6a,seriously.cyou,available,1.99,16.27,medium,low,9,dynadot,,,28/09/2026 13:17
de49d04e-bb8f-45cc-a779-7a33ab7bd07a,dances.cyou,premium,384,768,high,low,6,namesilo,,,
da416645-4f37-4155-a991-f51bdf3d8cd1,ccc.cyou,premium,384,768,high,medium,3,namesilo,,,
978e6dd0-d3d1-4941-a6e2-3bfbdd9bc74d,unhearing.cyou,available,,,medium,low,9,,,,13/08/2026 19:50
46fe4362-96f2-4d8f-ab98-5073b5fb8cc2,conduction.cyou,available,1.79,14.95,high,low,10,namesilo,,,
d126f2ad-1015-4bd8-9aac-5bf03a9027af,internationally.cyou,available,1.79,14.95,medium,low,15,namesilo,,,
550f3ea7-f42f-4086-955c-edb6a28592f3,querier.cyou,available,1.99,19.49,medium,low,7,namesilo,,,20/09/2026 14:26
603ee8d7-8682-48fb-983b-93939209ad3c,pamela.cyou,premium,282.88,565.76,high,low,6,namesilo,,,
2a00bba9-26e2-4520-8a52-7cd83835a49e,avifauna.cyou,available,1.99,19.49,medium,low,8,namesilo,,,21/09/2026 09:31
07079c24-92e0-4dc6-ae21-d8ab4b0645c5,uncommon.cyou,premium,68.43,147.2,high,low,8,namesilo,,,12/09/2026 05:57
c2d0ab67-2fc7-4b1d-aa2f-d1e1d88317cc,ambulation.cyou,available,1.99,19.49,medium,low,10,namesilo,,,18/09/2026 17:29
3d30b509-55c4-4678-bf2b-91bb825cc9bd,saints.cyou,premium,384,768,medium,low,6,namesilo,,,28/09/2026 16:34
c4f9f025-8ffa-4cc4-b180-3afe804271b1,provides.cyou,premium,68.43,147.2,medium,low,8,namesilo,,,16/09/2026 11:52
508f765b-1a53-453c-be0e-c5cf9bd2751f,formation.cyou,premium,59.71,119.23,high,low,9,spaceship,,,28/09/2026 05:38
a2c20a1d-6fb0-47df-a0f3-19ef6578928c,browse.cyou,premium,141.44,282.88,high,low,6,namesilo,,,
e3d8a018-efd9-45d8-af04-56994340d287,lay.cyou,premium,384,768,high,low,3,namesilo,,,25/09/2026 13:03
b7d11eaf-6fa4-4950-917a-71810794ea63,lee.cyou,premium,384,768,high,medium,3,namesilo,,,22/08/2026 22:18
1910635c-6a66-4c02-a401-abf39af456cf,clerk.cyou,premium,141.44,282.88,high,low,5,namesilo,,,
4012cddf-672a-4f4c-be1b-945d2a7fe8bd,percussive.cyou,available,1.39,25.98,high,low,10,namecheap,,,08/09/2026 16:22
f16a0311-09be-4239-938f-219515be3c04,siamese.cyou,premium,68.43,147.2,high,low,7,namesilo,,,10/09/2026 07:27
5489dae0-d554-43e0-841f-b12bac22309e,beefburger.cyou,available,1.99,19.49,medium,low,10,namesilo,,,23/09/2026 01:04
d872557c-c0aa-4aac-ab18-82e31fd784cc,venezuelan.cyou,premium,192,384,high,low,10,namesilo,,,13/09/2026 02:04
b9b6f77b-10a6-4d6b-b28f-71fd4aa72834,ding.cyou,premium,330,660,medium,low,4,dynadot,,,28/09/2026 14:30
84d2ac91-75ea-4582-b7e1-d078b37ff473,onwards.cyou,available,1.39,25.98,high,low,7,namecheap,,,14/09/2026 19:51
4b5f24d2-cf31-483f-a4d8-ba1d3556124a,safe.cyou,premium,384,768,high,medium,4,namesilo,,,27/09/2026 17:44
ace2585c-990c-4043-ac04-14fcb0306ea0,almagrib.cyou,available,1.39,25.98,medium,low,9,namecheap,,,24/08/2026 16:25
7467fcb8-c89c-44bd-a41c-4218dddeb356,deciders.cyou,available,1.99,19.49,medium,low,8,namesilo,,,20/09/2026 23:38
166154a3-489c-4b44-958f-5d64d8050800,taxa.cyou,premium,11.8,23.6,medium,low,4,namesilo,,,25/09/2026 17:29
d6b813c8-ade1-4551-b3a9-327e7a345bee,thumb.cyou,premium,384,768,high,low,5,namesilo,,,25/09/2026 22:48
a0ed55ce-b9b9-4180-a985-08985277babb,hilton.cyou,premium,384,768,high,high,6,namesilo,,,25/09/2026 16:05
f5e88e7e-7c02-4863-8396-8c9a451e8a4f,suburban.cyou,premium,68.43,147.2,high,low,8,namesilo,,,11/09/2026 00:54
97d5f145-2a1a-4e6e-994d-e60cf9f2d303,longways.cyou,available,1.39,25.98,medium,low,8,namecheap,,,22/08/2026 23:44
7285a832-691b-4970-ae7b-92451cf93e3d,kitschy.cyou,available,1.39,25.98,medium,low,7,namecheap,,,09/08/2026 00:53
4996cb66-0d35-46cc-b18b-073d0476a785,waters.cyou,premium,310.7,621.2,high,low,6,spaceship,,,28/09/2026 21:01
3477eb26-b974-49e4-aa89-759a157f5f7f,individual.cyou,premium,74.75,149.5,high,low,10,namecheap,,,23/09/2026 13:06
a1799ce5-bad4-4ad5-9cc7-476f4471a0de,jensen.cyou,premium,384,768,high,low,6,namesilo,,,25/09/2026 07:58
f969f154-74dd-46f3-b69f-efa24e30fafe,barony.cyou,available,1.99,19.49,medium,low,6,namesilo,,,22/09/2026 07:36
d783aead-908e-4cb8-9284-dc4382c309c3,coma.cyou,premium,390,780,high,low,4,namecheap,,,25/09/2026 04:19
6192b395-be0f-44fa-8b87-adced6cf6a45,bucks.cyou,premium,46.61,94.8,high,low,5,namesilo,,,25/09/2026 13:26
140e11af-4f21-4d29-ba74-c3f67e4c47e4,fright.cyou,premium,384,768,medium,low,6,namesilo,,,17/09/2026 14:50
6206dc80-d446-461e-9d4a-9810df41dfd9,unneeded.cyou,available,1.39,25.98,medium,low,8,namecheap,,,12/09/2026 15:52
20b49d06-7dda-433f-95a1-26255728016b,churning.cyou,available,1.39,25.98,medium,low,8,namecheap,,,12/08/2026 07:51
d0c03b67-9348-4a4a-a61f-de1fc1b82d5c,xlvii.cyou,available,1.39,25.98,medium,low,5,namecheap,,,
f228745a-45cc-4b6c-a913-9f82e3676978,operose.cyou,available,1.39,25.98,medium,low,7,namecheap,,,06/08/2026 17:05
83534fb1-f018-42af-9767-65e4d02ea6ec,nonplus.cyou,available,1.99,19.49,medium,low,7,namesilo,,,21/09/2026 17:34
c65b9a49-3fa0-4214-b8fe-a6a3900b138a,navigator.cyou,premium,59.71,119.23,high,medium,9,spaceship,,,28/09/2026 19:58
f65337f6-ed9e-4bf3-a4c7-7ed098d7eccd,nettled.cyou,available,1.39,25.98,medium,low,7,namecheap,,,
5a384107-2f73-4ad5-9e90-ac8dd8acff52,scribe.cyou,premium,384,768,high,low,6,namesilo,,,21/09/2026 03:59
497774fe-1f7f-4bdb-9ddc-fb73c902116b,gloaming.cyou,available,1.39,25.98,medium,low,8,namecheap,,,11/09/2026 21:41
462c4aa7-8978-427f-a49c-1f4e93e2a712,legitimize.cyou,premium,192,384,high,low,10,namesilo,,,04/09/2026 05:07
36cfc659-3603-4bf2-bb32-7d92417dbf70,tendered.cyou,available,1.99,19.49,medium,low,8,namesilo,,,20/09/2026 16:36
0416e21e-5a99-42a8-a4ed-a09b09e6a198,quibble.cyou,premium,68.43,147.2,medium,low,7,namesilo,,,23/09/2026 13:17
fcb2b164-9b5b-4c5b-a9c4-68d1cf8b69e8,arterial.cyou,available,1.39,25.98,high,low,8,namecheap,,,06/08/2026 22:29
ed281324-2dbf-4aa1-ad0a-c4e62ea621b4,dialectal.cyou,available,1.39,25.98,medium,low,9,namecheap,,,14/08/2026 05:48
8a7456ce-549b-45ea-aae7-9de425f00c41,stripe.cyou,premium,384,768,high,low,6,namesilo,,,24/09/2026 14:22
22a5845f-820b-4ac3-a531-0b66da46647d,antigua.cyou,premium,68.43,147.2,high,low,7,namesilo,,,19/09/2026 14:32
08ae8914-dd2c-482c-842a-17ff5ec84a2f,antinomy.cyou,available,1.99,19.49,medium,low,8,namesilo,,,19/09/2026 14:49
f89ca695-e331-4d93-af9f-820369b71dda,palatable.cyou,available,1.39,25.98,high,low,9,namecheap,,,04/09/2026 23:15
67e1b5a5-de7a-4122-a602-b588e051cd22,csa.cyou,premium,192,384,high,low,3,namesilo,,,27/09/2026 17:26
ae451f63-84dc-409d-950d-4f8ab84fe812,formerly.cyou,available,1.99,19.49,medium,low,8,namesilo,,,24/09/2026 15:13
5dfb8b3e-7ce3-44ee-975e-c39a073ec130,probative.cyou,available,1.39,25.98,medium,low,9,namecheap,,,09/09/2026 02:27
d39b5a84-9bab-4920-9300-c115e8139975,zimmer.cyou,premium,384,768,high,low,6,namesilo,,,29/09/2026 02:39
ba037c6a-1c67-4454-a760-0fa1bfbad478,apology.cyou,premium,68.43,147.2,high,low,7,namesilo,,,28/09/2026 21:41
759e6bf3-eb7a-4991-b5ef-5e02019bb296,drawback.cyou,available,1.99,19.49,medium,low,8,namesilo,,,24/09/2026 23:54
67e91b33-96f1-4c89-8739-1a99720a41d1,license.cyou,premium,68.43,147.2,high,low,7,namesilo,,,25/09/2026 08:58
1426b985-44a7-44d7-a0c1-a67a5ae7e60d,downriver.cyou,available,1.39,25.98,medium,low,9,namecheap,,,14/08/2026 18:01
80090032-7f29-4881-8c90-53f2c4822709,optative.cyou,available,1.39,25.98,medium,low,8,namecheap,,,04/09/2026 16:54
8ca06bae-7a4f-4b8c-be4c-482e4b5c5ad5,thankfully.cyou,available,1.99,19.49,high,low,10,namesilo,,,16/09/2026 08:28
838ea99a-ef48-411e-a997-a7e9252b1826,recurved.cyou,available,1.39,25.98,high,medium,8,namecheap,,,09/09/2026 12:06
f5bb5df1-dbfb-4424-a5cd-8951b5589400,adapa.cyou,available,1.99,19.49,medium,low,5,namesilo,,,17/09/2026 06:23
1ca63d9b-de33-451f-8487-4085e73e2750,speeding.cyou,available,1.99,19.49,high,low,8,namesilo,,,25/09/2026 06:47
7f47d5d7-fbbe-4635-bf18-ac3b4ef21cf1,barium.cyou,premium,390,780,medium,low,6,namecheap,,,20/09/2026 23:19
9975e153-d704-47a5-b0be-d5fffbb5fd8c,fissile.cyou,available,1.39,25.98,medium,low,7,namecheap,,,18/08/2026 05:34
af559388-b88f-4229-8eca-2b1ff03cf8b9,neal.cyou,premium,41.08,81.97,medium,low,4,spaceship,,,28/09/2026 16:08
d428ccd6-d365-4154-872e-2e4858b49117,blood.cyou,premium,384,768,high,low,5,namesilo,,,27/09/2026 03:17
71b2e519-696f-415d-a5cd-1d29aa6aa75e,twits.cyou,available,1.99,19.49,low,low,5,namesilo,,,21/09/2026 06:16
48ea5855-1b5c-473f-b33c-c3772a8f614b,maguey.cyou,available,1.99,19.49,medium,low,6,namesilo,,,17/09/2026 16:37
bf2558c7-c486-4c8b-aa71-0ae726567d4c,extinction.cyou,available,1.79,14.95,medium,low,10,namesilo,,,
b2f4e16c-f292-47cb-86a8-876de736892b,strawberry.cyou,premium,32.45,65.45,high,low,10,namesilo,,,
6c84e38d-a391-4d54-9a1c-e3a7f489e6d1,donegal.cyou,premium,68.43,147.2,medium,low,7,namesilo,,,28/09/2026 21:57
23851319-9a5c-419c-99b6-443fa0837304,person.cyou,premium,384,768,high,low,6,namesilo,,,25/09/2026 09:11
8c6e3fc8-d332-4142-8272-cd0b87712ed5,teutonic.cyou,available,1.39,25.98,medium,low,8,namecheap,,,11/09/2026 12:13
ae06e1f1-1a61-4ad3-bea2-78d1021e3f76,continual.cyou,available,1.39,25.98,high,low,9,namecheap,,,23/09/2026 22:10
a28d3fbe-aaf2-41f5-8fea-1eafa12055ae,pike.cyou,premium,46.61,94.8,high,low,4,namesilo,,,28/09/2026 14:07
78e7ebff-5370-4f2a-9fbe-55b04674fa8e,fuck.cyou,resell,,,high,high,4,101domain GRS Limited,25/06/2020 19:38,25/06/2028 23:59,26/09/2026 06:16
588e4c8b-2792-4239-8704-29010b48c635,opens.cyou,premium,384,768,medium,low,5,namesilo,,,18/09/2026 23:02
d4e35a76-4b39-4732-bdb9-521bc73807ac,convexly.cyou,available,1.39,25.98,medium,low,8,namecheap,,,14/09/2026 08:39
40f07085-0d70-4fd4-b271-76f51cba5dcf,pros.cyou,premium,390,780,medium,low,4,namecheap,,,20/09/2026 10:26
853c9040-f53c-448e-8ffa-0dc9487ee957,darkling.cyou,available,,,medium,low,8,,,,13/08/2026 18:16
995bbbf9-70c8-4f14-a4a0-8d8e9e20f147,exercises.cyou,premium,68.43,147.2,medium,low,9,namesilo,,,28/09/2026 17:18
da15d215-46c7-45f3-807a-3b4dda6cd413,beatrice.cyou,premium,384,768,high,low,8,namesilo,,,22/09/2026 21:46
ca4e2f59-0c63-4f33-8675-80d645bedce3,vote.cyou,premium,390,780,high,medium,4,namecheap,,,29/09/2026 00:47
f50558c4-71b2-4638-8509-56228aa07d92,comfortably.cyou,available,1.79,14.95,high,low,11,namesilo,,,
8f3426d0-a339-4299-af55-2a76515d15ed,thrilling.cyou,available,1.39,25.98,high,low,9,namecheap,,,16/08/2026 02:41
a6a2c37c-4402-498e-86af-a26ec65b32fd,turnovers.cyou,available,1.99,19.49,medium,low,9,namesilo,,,19/09/2026 22:02
78816b2f-8c86-4012-a570-1308b2eb218c,agrology.cyou,available,1.39,25.98,medium,low,8,namecheap,,,17/09/2026 19:36
de415e60-46c6-41bc-867e-4ea8bc70e2e0,investigators.cyou,premium,68.43,147.2,medium,low,13,namesilo,,,29/09/2026 00:00
01917921-2a3b-4f84-89ae-6d36271e7104,necrotic.cyou,available,1.39,25.98,medium,low,8,namecheap,,,03/09/2026 14:45
3cca644c-723f-44e3-9db3-0cc68928e914,fastest.cyou,premium,74.75,149.5,high,low,7,namecheap,,,14/09/2026 17:49
65e025e3-8716-4fe7-a78f-5e1dda01a8f4,doric.cyou,premium,384,768,medium,low,5,namesilo,,,14/08/2026 16:13
71712846-2d18-4868-b490-c3b15a3c3aa9,vigorous.cyou,premium,68.43,147.2,high,low,8,namesilo,,,13/09/2026 05:44
848a5d80-10d6-4ebb-9f23-2e9e59d6519a,childs.cyou,premium,384,768,medium,low,6,namesilo,,,28/09/2026 12:16
c936bc4f-2e71-43f9-b220-1cff4e8e664a,deciduous.cyou,available,1.39,25.98,medium,low,9,namecheap,,,13/08/2026 21:26
e516acc4-d96a-4cd1-9183-6376efbcdcd6,fte.cyou,premium,195,390,high,low,3,namecheap,,,29/09/2026 03:33
6280740d-9e90-4485-8e3c-dd05b12b9627,states.cyou,premium,390,780,high,low,6,namecheap,,,19/09/2026 11:16
2c85b057-f734-46b7-a048-543d4105ea2c,forlorn.cyou,available,1.39,25.98,medium,low,7,namecheap,,,18/08/2026 12:02
6396c76f-6a62-40c4-8ccd-479b56acda2b,burlington.cyou,premium,384,768,high,low,10,namesilo,,,25/09/2026 03:41
e462ebe5-48e1-43f3-8386-01ea3169b3fe,dromedary.cyou,available,1.99,19.49,medium,low,9,namesilo,,,19/09/2026 23:32
c83d4727-9858-4765-a199-a31a1d98322f,creep.cyou,premium,384,768,high,medium,5,namesilo,,,10/09/2026 12:23
5bd0f0f0-4f7c-4f51-b29e-2564bb2b3395,replicate.cyou,available,1.39,25.98,high,low,9,namecheap,,,14/08/2026 21:26
69cec151-1eca-4774-9cb1-914b6277318c,replaces.cyou,available,1.99,19.49,medium,low,8,namesilo,,,20/09/2026 05:35
dc832826-797c-483f-a892-9ce3841e2f48,tommy.cyou,premium,384,768,high,medium,5,namesilo,,,25/09/2026 11:48
61072294-b2ed-4530-9502-194e01c28bd3,homicide.cyou,available,1.99,19.49,medium,low,8,namesilo,,,25/09/2026 07:26
c0b2c762-fb83-4afe-bff3-b23c40e4194c,cosher.cyou,available,1.39,25.98,medium,low,6,namecheap,,,13/08/2026 02:47
02575a1e-65ac-4129-8d3c-7d838f23b1aa,pasture.cyou,available,1.99,19.49,high,low,7,namesilo,,,29/09/2026 00:44
e449a1e1-2835-4182-b733-b02312d8248c,cislunar.cyou,available,1.39,25.98,medium,low,8,namecheap,,,12/08/2026 08:30
4ba79923-aca4-466b-b17d-c01a3c5c2bfc,stack.cyou,premium,384,768,high,medium,5,namesilo,,,25/08/2026 00:45
a18c053e-41b0-49d6-a305-3082ffa96ab0,electronics.cyou,premium,63.25,126.5,high,low,11,dynadot,,,28/09/2026 17:13
db229577-0e0e-4265-826f-c43be74f72c5,aquilegia.cyou,available,1.99,19.49,medium,low,9,namesilo,,,19/09/2026 23:13
076ef5dd-9444-42c3-9169-15cd3f229c23,williamsburg.cyou,premium,68.43,147.2,medium,low,12,namesilo,,,27/09/2026 01:57
79e08a7a-f9b3-420e-a0f8-76ec7a01d125,semihard.cyou,available,1.39,25.98,medium,low,8,namecheap,,,10/09/2026 03:04
8e6b4e6d-ce68-4dd1-95c5-d604cec55767,hedged.cyou,available,1.39,25.98,medium,low,6,namecheap,,,21/08/2026 05:50
959807d9-f665-4963-913a-20400a29d13b,eastward.cyou,premium,68.43,147.2,high,low,8,namesilo,,,14/08/2026 22:48
3712566a-4c96-4b7b-9134-631101687b3a,seed.cyou,premium,282.88,565.76,high,low,4,namesilo,,,
fdbf967e-9a6f-4fcf-8817-bf9f0ae039eb,causally.cyou,available,1.39,25.98,medium,low,8,namecheap,,,14/09/2026 06:01
5f1be160-cbef-4256-af02-536689c24580,unrivaled.cyou,available,1.39,25.98,high,low,9,namecheap,,,24/08/2026 17:06
e67a2b78-47c8-4ac4-aedb-897d1458b9be,sup.cyou,premium,309.4,618.8,high,low,3,namecheap,,,
066326cb-6340-4e7f-8626-62343fdaa6b2,severe.cyou,premium,390,780,medium,low,6,namecheap,,,22/09/2026 13:18
c3b9a577-c0c7-4cc6-a176-e361dcae5216,stroppy.cyou,available,1.39,25.98,medium,low,7,namecheap,,,10/08/2026 17:59
f7ebb10b-0e5b-4194-a3e8-68bce6920fc2,sources.cyou,available,1.99,19.49,medium,low,7,namesilo,,,17/09/2026 22:23
b12fff38-e128-4694-8880-9f9d8fec5e08,aquila.cyou,premium,384,768,medium,low,6,namesilo,,,19/09/2026 23:12
ebede5f9-3e05-4250-9393-65107125167c,friedrich.cyou,premium,51.35,102.7,high,low,9,namecheap,,,25/09/2026 18:50
d6360ac5-799d-4af7-8f02-3dc139a1beb9,passage.cyou,premium,195,390,high,low,7,namecheap,,,27/09/2026 13:23
1162d71b-0ba7-49d1-a9ff-76f95ed30f7c,chancellor.cyou,premium,74.75,149.5,high,low,10,namecheap,,,28/09/2026 18:38
cfa450fa-bf36-45c6-8fb3-3f2199c691c2,dodge.cyou,premium,384,768,high,low,5,namesilo,,,28/09/2026 01:47
f05093c1-b597-49ed-8f98-723a71fc4a02,bsc.cyou,premium,384,768,high,low,3,namesilo,,,28/09/2026 15:39
596e97d0-1d7e-438f-b0dc-7dbd3dd0822c,preserve.cyou,premium,74.75,149.5,high,low,8,namecheap,,,24/09/2026 17:28
7f34d327-c858-4222-95d7-3eb088a7d7e2,ferrari.cyou,premium,330,660,high,high,7,dynadot,,,28/09/2026 03:37
760d03a1-7c6f-49f1-9e40-10bab466c95c,straw.cyou,premium,384,768,high,low,5,namesilo,,,10/09/2026 22:03
5cf048c4-ab88-4e1b-8214-3a551dd10c4f,thundered.cyou,available,1.99,19.49,medium,low,9,namesilo,,,20/09/2026 16:05
bfb1a398-1c9e-4628-85dc-2de356602779,mistakes.cyou,available,1.99,19.49,medium,low,8,namesilo,,,16/09/2026 10:20
6ba004e6-7389-43f7-947d-663234d8e16a,verge.cyou,premium,310.7,621.2,high,low,5,spaceship,,,28/09/2026 18:30
3ac259c7-f883-4316-81fe-72978fee95ff,soigne.cyou,available,1.39,25.98,medium,low,6,namecheap,,,10/09/2026 13:28
b1ecf055-e828-41fb-a385-6469481d0ac7,largely.cyou,available,1.54,15.96,medium,low,7,porkbun,,,28/09/2026 14:55
e50827db-e242-48aa-b75b-92e7327d044e,weight.cyou,premium,390,780,high,low,6,namecheap,,,19/09/2026 19:07
09d948cc-e08c-4db5-bfa4-191301c498a3,tanning.cyou,premium,74.75,149.5,high,low,7,namecheap,,,22/08/2026 20:14
f33ce97e-f0dc-4a62-8be4-45358a771e2f,spareribs.cyou,available,1.39,25.98,high,low,9,namecheap,,,22/09/2026 04:41
854b844a-c746-4d1b-b770-21af916ae007,rigorously.cyou,available,1.39,25.98,medium,low,10,namecheap,,,15/09/2026 23:46
b0159316-20c7-4a3c-af29-7319652acd21,alir.cyou,premium,11.8,23.6,medium,low,4,namesilo,,,17/08/2026 22:11
42075661-ec9f-46ee-b651-5907420dd005,tenner.cyou,available,1.99,19.49,medium,low,6,namesilo,,,21/09/2026 10:53
26748c13-b99b-4521-a8cd-18b25cef8e56,abbot.cyou,available,1.99,19.49,medium,low,5,namesilo,,,16/09/2026 14:31
753ea172-bfcf-4709-af6e-3cace3d76ec4,compare.cyou,premium,68.43,147.2,high,low,7,namesilo,,,24/09/2026 16:43
25e8a7fc-add4-42c6-95f3-ad137ca6c83a,lament.cyou,available,1.39,25.98,medium,low,6,namecheap,,,22/08/2026 15:25
ee7bbc9d-a97a-41b9-b19c-4825d7900c1e,lettered.cyou,available,1.39,25.98,medium,low,8,namecheap,,,22/08/2026 16:54
453d8733-70ec-4b24-9910-9c23c57d77a5,crepuscule.cyou,premium,192,384,medium,low,10,namesilo,,,11/09/2026 21:48
63684aa5-e997-498c-9f0a-7c0c90ba1550,conjugate.cyou,available,1.39,25.98,high,low,9,namecheap,,,12/08/2026 22:11
f6f40d8a-2b0a-4b06-8c3f-03b0a634ef41,statewide.cyou,available,1.39,25.98,high,low,9,namecheap,,,10/09/2026 19:10
9a41907f-6686-46dc-ba4d-9fef474ea06d,unavowed.cyou,available,1.39,25.98,high,medium,8,namecheap,,,10/09/2026 12:30
dd53cba2-b3df-4ee8-949b-8290ac81eea5,expandable.cyou,available,1.39,25.98,high,low,10,namecheap,,,17/08/2026 17:51
6330ec0c-e4d4-4386-96d3-8333c0fbcc05,tantrik.cyou,available,1.39,25.98,medium,low,7,namecheap,,,11/09/2026 08:07
a151ab52-f11f-402e-882e-4b928a65411c,stem.cyou,premium,384,768,high,low,4,namesilo,,,18/08/2026 11:29
9b988e93-263f-4288-838e-742090ebb335,wabash.cyou,available,0.81,15.73,medium,low,6,spaceship,,,28/09/2026 03:15
67a51f85-7d40-46a5-9b78-4e7a1b266754,allsorts.cyou,available,1.99,19.49,low,low,9,namesilo,,,16/09/2026 05:53
9ac59fbd-8167-464d-bbd3-ceb05be31134,samuel.cyou,premium,165,330,high,low,6,dynadot,,,28/09/2026 03:03
dd2d1588-b487-4d34-87f7-791e2260cad0,cocky.cyou,premium,384,768,high,low,5,namesilo,,,12/08/2026 15:02
58895699-739f-49ee-96f7-50c10d0ce2a5,referred.cyou,available,1.99,19.49,medium,low,8,namesilo,,,17/09/2026 06:11
256a3b8b-0078-4acf-ae69-489777c8aa32,waiter.cyou,premium,141.44,282.88,high,low,6,namesilo,,,
56b38682-72bf-4a47-a9ec-43b738237b0f,roughish.cyou,available,1.39,25.98,high,medium,8,namecheap,,,09/09/2026 19:01
80722652-6e49-4dfd-a14c-14f2f773c0b3,gun.cyou,premium,310.7,621.2,high,low,3,spaceship,,,28/09/2026 17:19
5cff93e0-bca7-4672-991c-6d8f7e232c0e,billion.cyou,premium,384,768,high,low,7,namesilo,,,22/09/2026 20:43
7801ac7a-71fe-4b0d-9c7e-69dbb3cf6c7f,greenville.cyou,premium,195,390,high,low,10,namecheap,,,25/09/2026 06:42
3aa42511-f434-42fd-90da-ffa0176dfa9d,redial.cyou,available,1.99,19.49,high,low,6,namesilo,,,16/09/2026 12:47
e399d527-736c-4530-9925-eec6a1c1eab5,jiang.cyou,premium,46.61,94.8,high,low,5,namesilo,,,27/09/2026 08:14
aa1c8fe9-aef5-47ab-9380-021a760d3d02,bimanual.cyou,available,1.39,25.98,medium,low,8,namecheap,,,09/08/2026 22:36
0b50ba0c-aa48-4e18-b896-a7b6c9fbdfc8,xlvi.cyou,premium,11.8,23.6,medium,low,4,namesilo,,,
c3a43418-6419-4153-9235-2c2c00344414,alien.cyou,premium,384,768,high,medium,5,namesilo,,,
cc27a812-e62d-4cfa-bbc5-3362d23bac79,ovular.cyou,available,1.39,25.98,medium,low,6,namecheap,,,04/09/2026 22:12
f5c8906c-5554-424e-95f7-bf7f15c4ed32,literate.cyou,premium,68.43,147.2,high,low,8,namesilo,,,24/08/2026 07:26
61aca348-b2cc-4b2a-8dca-56c5ed3db068,fully.cyou,premium,390,780,high,low,5,namecheap,,,18/08/2026 17:52
bb9e5174-e355-4710-a222-c2f24dcd8170,yesteryear.cyou,available,1.39,25.98,high,low,10,namecheap,,,08/09/2026 10:02
32f0b276-059c-4228-893f-006ca42a9b9a,fingers.cyou,available,1.79,19.49,medium,low,7,namesilo,,,
bc59bc3c-3a46-4736-8c59-c4358edef51c,bass.cyou,premium,390,780,high,low,4,namecheap,,,22/09/2026 18:00
154782ed-e64b-4752-af7a-2b42a7fa0e46,lecture.cyou,available,1.79,14.95,high,low,7,namesilo,,,
d027bbf7-eba9-4ca9-9ba5-e56e58d10f87,stevie.cyou,premium,310.7,621.2,high,low,6,spaceship,,,28/09/2026 07:58
61deca22-cad0-4c63-8aaf-ea0ea1923111,bossy.cyou,premium,390,780,medium,low,5,namecheap,,,07/08/2026 19:35
3105689a-ca47-4389-8d9d-1c1a21d6660c,unplanned.cyou,available,1.39,25.98,medium,low,9,namecheap,,,12/09/2026 16:51
758d62e5-3b05-4850-8351-fe7d9a4bead9,impious.cyou,available,1.39,25.98,medium,low,7,namecheap,,,21/08/2026 22:21
a2ba0a78-1548-444a-b7b6-ce0705c46c98,sample.cyou,premium,384,768,high,low,6,namesilo,,,25/09/2026 10:33
13dadbdd-9cd0-4e13-82f8-036539eb9bf4,shrugs.cyou,available,1.99,19.49,medium,low,6,namesilo,,,20/09/2026 12:14
4cae9704-253d-44f1-a51d-f9cb7aeb02dc,imitation.cyou,available,1.39,25.98,high,low,9,namecheap,,,18/08/2026 00:14
3864f79f-d18e-4c72-97b5-a10e71dd454d,nautical.cyou,premium,68.43,147.2,high,low,8,namesilo,,,24/08/2026 15:58
a7db4b71-6088-4cfe-ad29-58f6c11939a2,hypo.cyou,premium,11.8,23.6,high,low,4,namesilo,,,21/08/2026 17:15
e9dd1215-c19d-4c00-a8f0-08edb0e0c030,seaborne.cyou,available,1.39,25.98,medium,low,8,namecheap,,,10/09/2026 00:34
5552851c-337b-49c9-b482-0cec9247b5f0,gymnasium.cyou,available,0.81,15.73,high,low,9,spaceship,,,29/09/2026 01:11
8cbf849c-c19c-4a09-be4d-da3861402157,chinatown.cyou,premium,68.43,147.2,high,low,9,namesilo,,,28/09/2026 15:39
3628b769-40c3-4229-9d8c-158194eabd06,homeless.cyou,premium,68.43,147.2,high,low,8,namesilo,,,14/08/2026 12:07
072a8a36-9c09-431f-a7ab-584d090abb63,ripped.cyou,available,1.39,25.98,high,low,6,namecheap,,,27/09/2026 17:41
732d4d63-97f5-4550-bace-d46a82071a23,rocket.cyou,premium,384,768,high,medium,6,namesilo,,,28/09/2026 22:25
8395988d-e88d-427c-8d55-ebd67c6838d5,rocklike.cyou,available,1.39,25.98,medium,low,8,namecheap,,,20/08/2026 18:00
8a63b2f4-83e3-4d70-9827-52a40d99da4e,deer.cyou,premium,384,768,high,low,4,namesilo,,,24/09/2026 13:40
0ca71aa8-7c9c-4ee4-993d-9b6cdba040cd,whom.cyou,premium,46.61,94.8,medium,low,4,namesilo,,,
4cbe3440-b625-4ac3-9f09-bee017a40b32,abator.cyou,available,1.99,19.49,medium,low,6,namesilo,,,16/09/2026 14:13
6fae9b20-6ad5-4b8d-b4d4-e3da5c5910f2,sends.cyou,available,1.99,19.49,medium,low,5,namesilo,,,27/09/2026 03:02
17661b4c-6a9e-4dec-a223-1aa25febf35a,pragmatic.cyou,premium,68.43,147.2,high,low,9,namesilo,,,21/08/2026 00:30
76f1375c-b36e-45a9-a09e-f2db70d7237a,jolly.cyou,premium,384,768,high,low,5,namesilo,,,25/09/2026 11:52
35bca394-c9f8-472d-b26d-c23424781582,hone.cyou,premium,11.8,23.6,high,low,4,namesilo,,,08/09/2026 16:29
4eda0749-9e25-4db4-abc2-948c85d7b88e,tosh.cyou,premium,51.35,102.7,medium,low,4,namecheap,,,21/09/2026 23:54
d66e7551-084a-43d0-b807-a499bc8e071b,subliminal.cyou,available,1.39,25.98,high,low,10,namecheap,,,11/09/2026 00:08
d2b43a0b-ea02-43c5-a785-093c3d328bc7,undercover.cyou,available,1.39,25.98,high,low,10,namecheap,,,12/08/2026 09:28
0674c6ff-55fd-4603-8151-bca0edd10b2f,bubonic.cyou,available,1.39,25.98,medium,low,7,namecheap,,,11/08/2026 07:26
b780952d-fad1-4c37-83bb-0309dd8a2547,sterilized.cyou,available,1.39,25.98,medium,low,10,namecheap,,,10/09/2026 20:11
71484f9d-1229-4106-887c-9cd792ec6c7f,inflected.cyou,available,1.39,25.98,medium,low,9,namecheap,,,22/08/2026 04:31
858f61fc-56c3-4146-b125-8b71349487df,roughhewn.cyou,available,1.39,25.98,high,medium,9,namecheap,,,09/09/2026 19:00
3c96d495-ed47-4aae-917a-9b18bf2ef82b,zhao.cyou,premium,51.35,102.7,high,low,4,namecheap,,,27/09/2026 20:53
395d1258-1b92-45f8-ab54-63a0dda14171,resistive.cyou,available,1.39,25.98,high,low,9,namecheap,,,09/09/2026 15:23
cdae0dbc-097d-411b-8aa9-acb90451ba13,trivial.cyou,available,1.39,25.98,high,low,7,namecheap,,,24/09/2026 17:54
5895f302-5ea4-4445-9d97-9926089ab700,cuddles.cyou,available,1.99,19.49,medium,low,7,namesilo,,,21/09/2026 08:38
9d754b8c-bd28-44f2-a5a4-d2b03039f8b9,spastic.cyou,available,1.39,25.98,medium,low,7,namecheap,,,13/08/2026 00:06
7c61b4e2-5a22-40ca-a464-8c2284ac5e36,announced.cyou,available,1.99,19.49,high,low,9,namesilo,,,22/09/2026 05:10
324de06c-cf68-43b5-9c5d-c371f5420aee,batty.cyou,premium,384,768,medium,low,5,namesilo,,,06/08/2026 20:35
05f7dc9e-a24f-4aa8-bb8e-d0bb8769b582,aldebaran.cyou,available,1.99,19.49,medium,low,9,namesilo,,,18/09/2026 04:20
3a0933e9-53bb-4a54-8531-d39a817d46d4,advisement.cyou,available,1.99,19.49,medium,low,10,namesilo,,,17/09/2026 11:32
1707c2df-8d7e-4c80-bbfa-7f428c59459a,exploration.cyou,premium,68.43,147.2,high,low,11,namesilo,,,28/09/2026 02:39
45543d9a-d707-4fcc-8d43-37e725796cb3,rubber.cyou,premium,310.7,621.2,high,low,6,spaceship,,,27/09/2026 16:38
f04fdcb0-f123-4d44-9b53-2ec23a0dbf76,assaulter.cyou,available,1.99,19.49,medium,low,9,namesilo,,,17/09/2026 17:42
6c568592-f26b-4115-be95-86657788b36d,feminism.cyou,premium,32.45,65.45,high,low,8,namesilo,,,
eb1c3cdd-4de9-4c14-8b38-45a2066202fb,oppositions.cyou,available,1.99,19.49,low,low,11,namesilo,,,20/09/2026 21:56
65978635-565c-49d9-9fdf-f7c1de88caca,rugose.cyou,available,1.39,25.98,high,medium,6,namecheap,,,09/09/2026 19:20
dfe2b697-c11c-45f3-bae4-15822a666493,stinky.cyou,available,1.39,25.98,high,low,6,namecheap,,,13/08/2026 05:18
e101dc1b-8d68-42ef-8a9f-56c6ef27b595,druggist.cyou,available,1.39,25.98,high,low,8,namecheap,,,19/09/2026 19:38
d1ebf7a2-dfce-4766-a7af-8153e09b76a5,gloss.cyou,premium,384,768,high,low,5,namesilo,,,08/09/2026 22:58
e797cbdb-4042-4ac1-bcb1-ac8339447254,official.cyou,premium,68.43,147.2,high,low,8,namesilo,,,26/09/2026 00:05
3de9d7dc-f08e-42ee-9c87-16254e4ff454,schenectady.cyou,premium,165,330,medium,low,11,dynadot,,,28/09/2026 12:25
db360348-95b5-4dc6-aeb7-60f314e369bc,falter.cyou,available,1.39,25.98,high,low,6,namecheap,,,17/08/2026 21:39
2dd1cc7c-f006-4d76-9919-a8564e7eef30,coaster.cyou,premium,68.43,147.2,high,low,7,namesilo,,,28/09/2026 18:46
52e215f8-928d-4145-86af-aa2763e7c0a7,pellmell.cyou,available,1.39,25.98,medium,low,9,namecheap,,,21/08/2026 01:07
41d14e70-0be4-43ff-bab5-a388a7614d94,admittedly.cyou,available,1.39,25.98,medium,low,10,namecheap,,,11/09/2026 20:31
578b41ee-2b25-40cb-95b8-6a245e701340,pamphlet.cyou,available,1.99,19.49,high,low,8,namesilo,,,24/09/2026 07:11
36eaf1a0-c36d-4a8f-978d-578976c334fe,accuser.cyou,available,0.81,15.73,medium,low,7,spaceship,,,28/09/2026 17:32
d7828cab-4ad2-41ed-a894-b9a76f60de67,capable.cyou,premium,390,780,high,low,7,namecheap,,,21/09/2026 18:33
6e9a150c-f960-429a-a2f4-99ac11217e84,apologist.cyou,available,1.39,25.98,medium,low,9,namecheap,,,19/09/2026 18:45
41e03ccb-1a92-412f-a412-aff6c08bab78,auger.cyou,premium,390,780,medium,low,5,namecheap,,,21/09/2026 03:19
ee652b04-86b2-474a-9023-b836321324e8,bud.cyou,premium,65.45,140.8,high,low,3,namesilo,,,
ec81e4cf-6e99-4068-bac6-5f1bd0e8fb79,leads.cyou,premium,390,780,high,low,5,namecheap,,,25/09/2026 20:21
34dae671-0a6c-447f-802b-76f09dc02574,candidacy.cyou,available,1.79,14.95,high,low,9,namesilo,,,
a456fcce-356c-4d6a-99fa-511c6efaa6dd,naif.cyou,premium,11.8,23.6,medium,low,4,namesilo,,,03/09/2026 12:52
5b5b5a2d-6108-48b8-8314-c9158c6d22f6,lds.cyou,premium,390,780,high,low,3,namecheap,,,28/09/2026 08:25
0dc6d1eb-b98b-45ac-8f6c-c722e37ce427,hepworth.cyou,premium,68.43,147.2,medium,low,8,namesilo,,,22/09/2026 04:23
fb7a722a-929d-4538-853a-fa6018204c55,teaser.cyou,premium,384,768,high,low,6,namesilo,,,19/09/2026 10:50
ae3f0581-693c-47dd-835d-f34141814985,motive.cyou,premium,384,768,high,medium,6,namesilo,,,25/09/2026 21:54
7d24d914-aa0c-4b37-9f36-be8a8f4202f9,docket.cyou,available,1.39,25.98,high,low,6,namecheap,,,17/09/2026 17:03
47eced6d-3365-4967-890d-872fdf629763,flashily.cyou,available,1.39,25.98,medium,low,8,namecheap,,,14/09/2026 18:54
9c27b200-0ef1-4c53-86f0-dcd69fb69813,fed.cyou,premium,384,768,high,low,3,namesilo,,,25/09/2026 22:43
f8c05329-0da3-4dbf-8e3f-cc59b1895509,suck.cyou,premium,16.52,33.04,high,low,4,namesilo,,,
39099606-e975-4a0a-ab41-490829a8fc06,draw.cyou,premium,310.7,621.2,high,low,4,spaceship,,,28/09/2026 23:10
2b8e0b46-b976-4fae-95a8-954c083597a0,stefan.cyou,premium,384,768,high,low,6,namesilo,,,25/09/2026 14:25
8e724352-6245-411f-bc55-d72661de8ccd,comedies.cyou,premium,68.43,147.2,medium,low,8,namesilo,,,21/09/2026 01:31
71ec1da1-5b47-4e78-abf1-5f0288aa83fa,slavery.cyou,available,1.39,25.98,high,low,7,namecheap,,,10/09/2026 10:30
fe8aa532-ed29-4253-b78e-7289095824d3,attraction.cyou,premium,74.75,149.5,high,low,10,namecheap,,,28/09/2026 23:11
25481501-d901-4312-a0ee-19df18f648ec,touchable.cyou,available,1.39,25.98,high,low,9,namecheap,,,11/09/2026 07:57
cb6f5e52-f35d-4b70-af45-d4ee3d3526e7,algin.cyou,available,1.99,19.49,medium,low,5,namesilo,,,18/09/2026 07:04
3d07ae2a-ec8f-4afb-b324-c48b28a86d8b,preceding.cyou,premium,68.43,147.2,medium,low,9,namesilo,,,
8f037b8b-5597-404b-8b36-e3dba8832a42,fla.cyou,premium,282.88,565.76,high,low,3,namesilo,,,
e415b47b-7cbd-47cf-9157-a0ac2d9a9993,swimmingly.cyou,available,1.39,25.98,medium,low,10,namecheap,,,16/09/2026 02:58
6668d359-67ec-4dc6-8c7d-12442b58f386,shadowed.cyou,available,1.39,25.98,medium,low,8,namecheap,,,10/09/2026 05:25
46eac232-19d8-497c-a64a-e78444be4c41,dumping.cyou,available,1.99,19.49,medium,low,7,namesilo,,,28/09/2026 13:56
77778122-b926-45dd-bf9f-53371416f0ae,plug.cyou,premium,310.7,621.2,high,low,4,spaceship,,,29/09/2026 00:52
4eaad5fe-775e-42f6-aea9-b10b3d6c0262,allhallows.cyou,available,1.99,19.49,medium,low,10,namesilo,,,18/09/2026 09:24
05134f1b-0d78-46fd-a79c-2816dc971133,yum.cyou,premium,282.88,565.76,high,low,3,namesilo,,,
e843a7d4-ab41-44a3-8c28-dfdac33924f6,forsake.cyou,available,1.39,25.98,medium,low,7,namecheap,,,14/08/2026 03:54
50ba9114-f55e-4977-bfe6-5b2e2b2e91f3,thoughts.cyou,premium,68.43,147.2,high,low,8,namesilo,,,16/09/2026 21:58
c427f2d2-5da8-4bbb-8f04-c28f5b58045f,repeating.cyou,available,1.99,19.49,high,low,9,namesilo,,,28/09/2026 06:41
b7cf542c-9818-420d-b71d-0ea6040115b5,napping.cyou,available,1.39,25.98,high,low,7,namecheap,,,03/09/2026 13:07
a818fd7f-dbbe-492d-bbca-c9ad129d25eb,outspoken.cyou,available,1.39,25.98,high,low,9,namecheap,,,11/08/2026 16:45
9753ffda-0cc0-4f7c-aa0e-1409336ada6f,granite.cyou,premium,59.71,119.23,high,low,7,spaceship,,,28/09/2026 19:22
66e780f9-530e-4124-9d13-dd055e595056,neapolitan.cyou,available,1.39,25.98,medium,low,10,namecheap,,,03/09/2026 14:18
981ebcfa-f969-48bd-9ebc-d38364a9d7e0,sgt.cyou,premium,192,384,high,low,3,namesilo,,,27/09/2026 06:19
eef79c0d-e603-4d04-871f-16f1ffbd53f0,hani.cyou,premium,384,768,high,low,4,namesilo,,,17/09/2026 23:54
50a18a65-8f38-40c5-adbc-5d46325c18b4,aventail.cyou,available,1.99,19.49,medium,low,8,namesilo,,,21/09/2026 09:05
c7b2bd64-7bed-402f-9916-619ec6307aac,clinical.cyou,premium,68.43,147.2,high,low,8,namesilo,,,28/09/2026 12:54
34f6c643-c2fe-498b-a81d-aef35fd76f03,smallest.cyou,available,1.99,16.27,medium,low,8,dynadot,,,28/09/2026 17:15
1bd73242-1ab2-4bce-9ed5-046d6563770a,polyatomic.cyou,available,1.39,25.98,medium,low,10,namecheap,,,08/09/2026 23:10
d756e16e-235e-45f6-a70f-3c8baefa0056,norse.cyou,available,1.39,25.98,high,low,5,namecheap,,,03/09/2026 21:11
981213ea-1815-451e-b736-81c4a9ea5cbe,slug.cyou,premium,384,768,high,low,4,namesilo,,,23/09/2026 13:52
f782cdb2-61dd-45ea-9b2c-9144dd095f45,eyestrain.cyou,available,1.39,25.98,medium,low,9,namecheap,,,20/09/2026 17:21
c7615e1f-449e-4c14-a851-e740e206aa65,robbers.cyou,available,1.99,19.49,low,low,7,namesilo,,,28/09/2026 23:38
2c536494-9eed-4e6e-a25b-5d343bf43cd8,blowy.cyou,available,1.39,25.98,medium,low,5,namecheap,,,10/08/2026 15:47
f10b047c-0185-45ef-a304-f1a62ed8f735,foretoken.cyou,available,1.99,19.49,medium,low,9,namesilo,,,21/09/2026 03:42
76f24084-b79c-46c3-8396-d33a63393f9b,rachel.cyou,premium,384,768,high,low,6,namesilo,,,25/09/2026 10:13
7805fe0e-3187-4c21-93d7-ce670410c692,junkie.cyou,premium,384,768,medium,low,6,namesilo,,,17/09/2026 06:51
dab7a781-0780-4177-9fc1-69887bcbde66,making.cyou,premium,141.44,282.88,high,low,6,namesilo,,,
b0248226-4f82-4285-a987-3ba7e6cbfa1b,endoergic.cyou,available,1.39,25.98,medium,low,9,namecheap,,,17/08/2026 01:08
90995c78-7266-4057-88f9-d03cda2ea72a,dismantled.cyou,available,1.39,25.98,medium,low,10,namecheap,,,14/08/2026 01:22
d0700eb3-f3a7-47e4-9117-d2cde7ebc9ff,pyrrhic.cyou,available,1.39,25.98,medium,low,7,namecheap,,,09/09/2026 07:12
fc729098-1a64-41b0-b692-93a082ed4fd7,meetings.cyou,premium,74.75,149.5,high,low,8,namecheap,,,27/09/2026 10:46
62d135eb-432f-4151-b62a-de9e9697a517,twenty.cyou,premium,384,768,high,low,6,namesilo,,,21/09/2026 12:24
16ec01b6-4118-4eba-960b-d5e457c5eb22,aerobiotic.cyou,available,1.39,25.98,medium,low,10,namecheap,,,
cfc32afa-8379-48d2-8a56-2b66e1e42063,boxes.cyou,premium,384,768,medium,low,5,namesilo,,,17/09/2026 04:37
2ee0fcf5-fda7-401f-a974-b44d5672ca84,weirdness.cyou,available,1.99,19.49,medium,low,9,namesilo,,,23/09/2026 23:18
23ebedcf-5b68-46b9-af11-1e461b1cb377,bifurcated.cyou,available,1.39,25.98,medium,low,10,namecheap,,,09/08/2026 20:24
f7564122-1022-4b36-b24d-6f3018c80348,alidade.cyou,available,1.99,19.49,medium,low,7,namesilo,,,18/09/2026 07:31
dd23ad72-0fea-4f7b-8b4f-86b294f272a7,deeply.cyou,premium,384,768,medium,low,6,namesilo,,,13/08/2026 22:30
c5ddb689-7fdc-48b0-b74a-64ae3175545d,inferno.cyou,premium,51.35,102.7,high,low,7,namecheap,,,24/09/2026 17:14
8e223e60-70f2-43b2-8cb1-f8615ba83542,bandmaster.cyou,available,1.99,19.49,high,low,10,namesilo,,,22/09/2026 01:26
c88a0a05-843f-4adf-8e24-b94c55831ac8,strenuous.cyou,available,1.39,25.98,medium,low,9,namecheap,,,10/09/2026 21:45
ad6de6c3-03e5-4ec3-b958-ad74e1720ef6,pity.cyou,premium,46.61,94.8,high,low,4,namesilo,,,23/09/2026 16:56
ddde2ec1-540a-4c82-a532-bda5b58559b8,ablated.cyou,available,,,medium,low,7,,,,
44978fef-3fe1-451f-8aa3-6972bb74e3a1,cerebral.cyou,available,1.39,25.98,high,low,8,namecheap,,,12/08/2026 00:30
ac2431e2-edbb-4bf8-952f-e39bd679c1c6,agreeable.cyou,available,1.99,19.49,high,low,9,namesilo,,,21/09/2026 23:17
0e733c71-76e0-4713-afb1-e98e3a0d0594,shifty.cyou,available,1.39,25.98,high,medium,6,namecheap,,,10/09/2026 06:29
0519be86-f636-41fe-a89d-e150270698a4,admiration.cyou,premium,59.71,119.23,high,low,10,spaceship,,,28/09/2026 18:44
9ba32ff5-c936-4a86-9550-71aec0945853,pungent.cyou,available,1.39,25.98,medium,low,7,namecheap,,,
92d77255-9c30-46c7-8a24-e3baf154ee8d,observing.cyou,available,1.39,25.98,high,low,9,namecheap,,,04/09/2026 00:01
8f6e2645-61be-43f0-87ca-c2647f4c97b6,hear.cyou,premium,16.52,33.04,high,low,4,namesilo,,,
c8e41e2f-5abe-400f-bcd9-f8c233acec40,cissy.cyou,available,1.39,25.98,medium,low,5,namecheap,,,12/08/2026 08:40
f63c3828-adb2-4451-a400-2fac8384cdf2,polly.cyou,premium,384,768,high,low,5,namesilo,,,28/09/2026 07:34
ecd69f6e-e742-42db-b12d-1f700ac3955d,annexation.cyou,available,1.39,25.98,medium,low,10,namecheap,,,19/09/2026 10:25
6aee5b5d-790d-47cc-bcd0-16d9ed76b73c,superhuman.cyou,available,1.39,25.98,high,low,10,namecheap,,,11/09/2026 02:16
a083d9d9-8e2b-4a05-9a3b-77eebdd73237,narrowed.cyou,available,1.39,25.98,medium,low,8,namecheap,,,03/09/2026 13:27
eb457123-0dfb-4b88-be33-258789f9917b,roamer.cyou,available,1.39,25.98,high,low,6,namecheap,,,23/09/2026 20:14
21336bb7-a60d-4ca5-8147-6313a73f551b,postal.cyou,premium,384,768,high,low,6,namesilo,,,09/09/2026 00:18
2161f1a8-8e27-4897-961e-3dbc0b9936ef,asl.cyou,premium,195,390,high,low,3,namecheap,,,18/09/2026 20:39
dc9e0f4d-24b9-4a41-ab3b-da579147124f,siliceous.cyou,available,1.39,25.98,high,medium,9,namecheap,,,10/09/2026 08:07
3deebb44-1451-451d-a4d1-0d587c7d4aee,hirsch.cyou,premium,384,768,high,low,6,namesilo,,,27/09/2026 07:27
0df0b455-6310-444d-8756-cce6dc9b443e,begonia.cyou,available,1.99,19.49,medium,low,7,namesilo,,,23/09/2026 02:28
f4cd9a2c-a83e-4be1-976c-d3f329d17616,vindictive.cyou,available,1.39,25.98,medium,low,10,namecheap,,,14/08/2026 04:21
53f9651e-3581-438f-bc8e-18b0b3a2e609,purchaser.cyou,available,1.99,19.49,high,low,9,namesilo,,,24/09/2026 11:22
ef130b19-195c-42c8-ad8f-f4bfdd462942,norman.cyou,premium,51.35,102.7,high,low,6,namecheap,,,03/09/2026 21:18
4c738c17-aa72-4da5-ba6a-d3d7b1e664fc,ortega.cyou,premium,328.02,655.52,medium,low,6,porkbun,,,28/09/2026 05:29
453f1c8f-1726-4b89-8835-f53fac4945bb,berkelium.cyou,available,1.99,19.49,medium,low,9,namesilo,,,21/09/2026 00:14
d280f346-545b-4d59-bee7-569f1e9f7e9f,awfully.cyou,available,1.39,25.98,medium,low,7,namecheap,,,22/09/2026 15:26
56e46964-76af-4ec5-9b4f-4722ea1cfeb8,technicals.cyou,premium,195,390,medium,low,10,namecheap,,,18/09/2026 20:39
1575b219-27f2-4f4a-a94a-82d3ae668081,orangutan.cyou,premium,32.45,65.45,high,low,9,namesilo,,,
6cd19f5c-79a2-40f9-ad83-f91681a468eb,baryon.cyou,available,1.99,19.49,medium,low,6,namesilo,,,22/09/2026 09:41
47d5d899-8281-474d-9ed8-a2ffcb2351b5,finer.cyou,available,1.39,25.98,high,low,5,namecheap,,,18/08/2026 04:49
d7dad6df-cb3a-434f-b07a-4e151b473da9,map.cyou,premium,143.65,574.6,high,medium,3,namecheap,,,
c93e9834-fb68-47d2-8124-a48bfa00cfcf,haptic.cyou,available,1.39,25.98,medium,low,6,namecheap,,,21/08/2026 00:01
71ff2869-5a1f-416f-b96c-ff649500cbd1,attorney.cyou,premium,68.43,147.2,high,low,8,namesilo,,,28/09/2026 23:09
cd41eaef-82d8-4ebb-bb63-1b62696695c2,aggro.cyou,available,1.39,25.98,medium,low,5,namecheap,,,17/09/2026 17:46
53189370-1baf-4acf-a328-a986607de42f,foundation.cyou,premium,74.75,149.5,high,low,10,namecheap,,,24/09/2026 18:15
535bf88a-b42c-41a3-9198-83dde808e6c1,acrolein.cyou,available,1.99,19.49,medium,low,8,namesilo,,,17/09/2026 03:46
32e2c31f-a8dc-4c6c-94a8-82a914451c56,footballers.cyou,available,1.99,19.49,medium,low,11,namesilo,,,20/09/2026 13:07
cf0d5441-9088-4761-b49f-1937c68f7414,pony.cyou,premium,16.52,33.04,high,low,4,namesilo,,,
2682b0b9-0a02-42eb-b48d-d5f4f25a6485,theme.cyou,premium,310.7,621.2,high,low,5,spaceship,,,28/09/2026 01:44
b179216a-e567-44f3-a2ab-54d147809e04,pakistani.cyou,premium,192,384,high,low,9,namesilo,,,04/09/2026 23:13
e982ce4d-a675-4f97-a7fe-3d52ff17517a,scenic.cyou,premium,384,768,high,low,6,namesilo,,,09/09/2026 22:58
e023ee68-1dc0-49d3-b044-6e84465ac221,uncool.cyou,available,1.39,25.98,medium,low,6,namecheap,,,12/09/2026 06:11
c4f245af-1e9c-40d7-af9f-6e2bf4a8ddce,asker.cyou,premium,390,780,medium,low,5,namecheap,,,20/09/2026 14:27
aeca9e61-9fcf-4260-a89e-13d3281fb1e3,knitting.cyou,premium,59.71,119.23,high,low,8,spaceship,,,29/09/2026 01:31
8699b459-64bb-4cbd-8c61-9a1cd9ccb70a,ayurveda.cyou,available,1.99,19.49,high,low,8,namesilo,,,21/09/2026 10:52
0145cbe4-305d-45f2-b897-d4b2f6b1c2f0,unrested.cyou,available,1.39,25.98,medium,low,8,namecheap,,,12/09/2026 18:02
cc69e865-a387-4135-8ecd-f43be35af300,stones.cyou,available,1.99,19.49,medium,low,6,namesilo,,,26/09/2026 03:37
0dc41f70-4b60-421a-89ff-a6b94961893c,rein.cyou,premium,16.52,33.04,high,low,4,namesilo,,,
3f942474-6316-4bc4-8009-c1b05b3509b9,barrelfish.cyou,available,1.39,25.98,medium,low,10,namecheap,,,22/09/2026 08:20
c462ac75-8bd0-4bba-aebe-1fafbd21a071,crowe.cyou,premium,155.45,310.7,medium,low,5,spaceship,,,28/09/2026 12:13
bcc1c941-2c0d-4462-9b23-7dfe41fee999,girl.cyou,premium,309.4,618.8,high,low,4,namecheap,,,
bd9545ed-b559-453a-ac7b-c99458c51eed,estimates.cyou,available,1.99,19.49,medium,low,9,namesilo,,,20/09/2026 04:10
5f7bab18-7876-4072-bdae-ebd14b35dcd1,fleer.cyou,available,1.39,25.98,low,low,5,namecheap,,,18/08/2026 17:47
654aa822-8b42-4a4c-b89c-acbb0d1f0bd8,promenade.cyou,available,1.99,19.49,high,low,9,namesilo,,,18/09/2026 16:56
ade02d43-5270-4553-862e-cbae827891dc,adoring.cyou,available,1.99,19.49,high,low,7,namesilo,,,21/09/2026 19:41
24c2014f-29b4-4dfc-a337-d30cf4788b80,organizing.cyou,premium,195,390,high,low,10,namecheap,,,18/09/2026 13:01
c5ef8ddd-9172-4e62-bb58-7515e4336960,sector.cyou,premium,390,780,high,low,6,namecheap,,,28/09/2026 03:04
6db5648a-886b-48a9-afed-7af6f2f449fc,benignly.cyou,available,1.39,25.98,medium,low,8,namecheap,,,13/09/2026 23:51
72d39e38-cd37-411c-b06f-5cdcee9f9581,warfare.cyou,available,1.79,14.95,high,low,7,namesilo,,,
ada0f2dc-7289-41df-b637-fc32bcf10d08,touch.cyou,premium,384,768,high,low,5,namesilo,,,28/09/2026 09:25
a97f4124-4641-493f-99eb-4b6c44cdd115,tense.cyou,premium,384,768,high,low,5,namesilo,,,11/09/2026 11:26
e7a0b05f-0f7b-4f4e-9c28-056133e0ee89,hayden.cyou,premium,384,768,high,low,6,namesilo,,,25/09/2026 15:33
0e8786fd-3026-4199-9dbb-e8a820a25b01,hats.cyou,premium,51.35,102.7,high,low,4,namecheap,,,18/09/2026 07:32
38a3da0e-2349-474b-9186-0b1099237c6b,thousands.cyou,available,1.99,19.49,medium,low,9,namesilo,,,18/09/2026 15:22
09b229c6-a6af-48f1-86c9-7e1ae34a51d3,bandsaw.cyou,premium,74.75,149.5,high,low,7,namecheap,,,22/09/2026 00:49
414d1cce-e6ce-44cd-831a-29888313c3ca,contracts.cyou,premium,59.71,119.23,medium,low,9,spaceship,,,28/09/2026 08:33
898f351b-ba1e-4ed5-b008-65f591e884bf,horrific.cyou,available,1.39,25.98,medium,low,8,namecheap,,,14/08/2026 08:59
f17851af-e00d-4f90-9b52-b90c07a0dbd5,introductions.cyou,available,1.39,25.98,high,low,13,namecheap,,,20/09/2026 22:09
bdb1fe97-8f5a-47d9-a6f7-ec83a570f992,running.cyou,premium,155.45,310.7,high,low,7,spaceship,,,27/09/2026 17:05
ccb083df-ffb6-43cc-b420-14dec0e3ff4f,coldly.cyou,available,1.99,19.49,low,low,6,namesilo,,,28/09/2026 14:07
d303aa9e-980f-443a-b2f4-94e3ff981a24,calcic.cyou,available,1.39,25.98,medium,low,6,namecheap,,,11/08/2026 13:49
2695fdef-93df-4c29-9ad4-8c7b74d2c0d0,stealing.cyou,available,1.39,25.98,medium,low,8,namecheap,,,11/09/2026 13:24
2dc20f6a-e954-4097-a06b-a57cc5ba9c5d,nonviable.cyou,available,1.39,25.98,medium,low,9,namecheap,,,03/09/2026 21:02
0004f784-2883-456a-9eca-b4d3c03d18e0,attired.cyou,available,1.39,25.98,medium,low,7,namecheap,,,06/08/2026 04:47
00914da9-31fb-4a6a-8668-e5f1108eebd8,pulseless.cyou,available,1.39,25.98,high,medium,9,namecheap,,,09/09/2026 05:58
e6ad9c27-2249-467f-a2ff-35456fc34532,esthetics.cyou,available,1.99,19.49,high,low,9,namesilo,,,17/09/2026 13:38
b32a129a-3202-4844-b9fb-fb7f24dd1ee9,shitlist.cyou,available,1.99,19.49,medium,low,8,namesilo,,,24/09/2026 00:19
70755e59-f297-4b39-8952-e662500b7430,cotton.cyou,premium,141.44,282.88,high,low,6,namesilo,,,
69eae244-e219-4f71-a336-873e3e3247b4,accented.cyou,available,1.39,25.98,medium,low,8,namecheap,,,
61b7f097-beb8-4099-8656-8da91785cc60,paddlefish.cyou,available,1.39,25.98,medium,low,10,namecheap,,,14/08/2026 20:48
564788fe-a442-44be-80d4-4c2cc41f300c,friendless.cyou,available,1.39,25.98,medium,low,10,namecheap,,,18/08/2026 15:33
4b9c7fbe-a36e-407a-91cb-b94ade62ef14,fetch.cyou,premium,384,768,high,low,5,namesilo,,,28/09/2026 05:42
a350681f-1cf1-4dda-8f66-1fa1c0d64ba9,recessed.cyou,available,1.39,25.98,medium,low,8,namecheap,,,13/08/2026 22:57
e553efec-e46f-4a64-bef6-79145b89dd4b,duchess.cyou,available,1.79,14.95,high,low,7,namesilo,,,
81a60186-46e5-49fe-8dc2-0f9b17d565a6,tidily.cyou,available,1.39,25.98,medium,low,6,namecheap,,,16/09/2026 09:05
671c3a14-885e-449b-bfa6-b4c1aa278793,incoming.cyou,available,1.39,25.98,high,low,8,namecheap,,,22/08/2026 01:44
42e3ba66-b353-442b-a756-aef485329168,runty.cyou,available,1.39,25.98,high,medium,5,namecheap,,,08/09/2026 19:54
e07bcc2e-7baf-4908-bd31-23a31d2a0f10,parenteral.cyou,available,1.39,25.98,medium,low,10,namecheap,,,08/09/2026 01:19
d0fed55f-2502-4b59-9163-d80d80193113,absorbency.cyou,available,1.39,25.98,medium,low,10,namecheap,,,16/09/2026 18:15
52709b6e-7f58-4642-9fd2-7b0f9feef0dd,memorise.cyou,available,1.79,14.95,high,low,8,namesilo,,,
ae65b902-b848-41de-b80b-b40a90d0e7a9,amuck.cyou,premium,384,768,medium,low,5,namesilo,,,
493a3115-605a-488e-bea2-0456c42d2a83,faulty.cyou,premium,384,768,medium,low,6,namesilo,,,13/08/2026 23:08
d2696593-e8a1-49bd-9054-cdfd63a7261c,zone.cyou,premium,16.52,33.04,high,low,4,namesilo,,,
18245a4c-7b10-4b33-9b67-c37b5a1bc45b,critter.cyou,premium,74.75,149.5,high,low,7,namecheap,,,24/09/2026 19:33
3878026a-bfb7-4706-8d7c-f68eca21cec3,irksome.cyou,available,1.39,25.98,medium,low,7,namecheap,,,10/08/2026 20:01
3cbc8d16-eea0-4c7b-8b90-faf613447208,begging.cyou,available,1.99,19.49,medium,low,7,namesilo,,,23/09/2026 02:16
26a32733-8b18-4494-ad07-2cca11845119,unvented.cyou,available,1.39,25.98,low,low,8,namecheap,,,12/09/2026 22:11
fc66702e-b0cd-4898-9b2a-ab2e7738183d,absorb.cyou,available,1.39,25.98,high,low,6,namecheap,,,10/09/2026 19:56
002fb8df-c0e3-4437-bff0-9f751fd5bee5,bivalvia.cyou,available,1.39,25.98,medium,low,8,namecheap,,,23/09/2026 23:16
9d40b72f-9bd3-4ad1-9236-11901d65da6c,tire.cyou,premium,390,780,high,low,4,namecheap,,,25/09/2026 11:34
d86931bb-cbb0-4311-957c-1b070c15f7df,rod.cyou,premium,77,154,high,low,3,namecheap,,,
3949e05f-231b-4c05-9e04-f7b153e6447c,unbelievable.cyou,available,0.81,15.73,high,low,12,spaceship,,,28/09/2026 07:08
fe84b675-5a2d-47a9-a3d0-85c9c2d86708,fluids.cyou,available,1.39,25.98,medium,low,6,namecheap,,,28/09/2026 17:17
2c808b17-de31-4cf0-871b-6534a05a4542,trice.cyou,premium,384,768,medium,low,5,namesilo,,,22/08/2026 07:32
c79e0d38-adac-4eca-bc5c-65b8378428ca,abram.cyou,premium,310.7,621.2,high,low,5,spaceship,,,28/09/2026 15:50
176e44c9-0ef0-48af-8803-f251bedbea7d,smetana.cyou,premium,68.43,147.2,medium,low,7,namesilo,,,22/09/2026 23:32
76df6b9f-177c-4d72-b39a-72487afa063e,gregor.cyou,premium,141.44,282.88,high,low,6,namesilo,,,
d15c566a-a1e3-4193-9102-a73f5622dd16,condone.cyou,available,1.79,14.95,high,low,7,namesilo,,,
aafd3c76-a4c9-4de4-87d1-26a3d1d929d2,grandchild.cyou,available,1.79,19.49,high,low,10,namesilo,,,
6bc2e4df-5c84-4043-b817-48d3c3bc4a93,springbuck.cyou,available,1.99,19.49,medium,low,10,namesilo,,,19/09/2026 14:19
b6f31574-a802-4245-a311-94214105cbcb,lucas.cyou,premium,192,384,high,medium,5,namesilo,,,25/09/2026 06:28
063ffc8b-124b-4352-b7fc-3d309eadd908,flabby.cyou,available,1.39,25.98,medium,low,6,namecheap,,,18/08/2026 06:05
841689a7-694c-4033-9873-70c53bb55482,episodic.cyou,available,1.39,25.98,medium,low,8,namecheap,,,17/08/2026 11:11
c178859f-392a-4fc7-8344-c630339594b0,minority.cyou,available,1.99,19.49,high,low,8,namesilo,,,28/09/2026 14:53
1785fcb8-b8e9-4644-b04f-577303c65d2d,partly.cyou,premium,390,780,medium,low,6,namecheap,,,15/09/2026 19:01
0b69a57e-4f03-498f-a50a-945e4934d2a9,nra.cyou,premium,390,780,medium,low,3,namecheap,,,29/09/2026 01:42
eb4cb338-cb1b-429f-9c79-bfd13b3b0ce1,potty.cyou,available,1.39,25.98,high,low,5,namecheap,,,16/08/2026 21:14
42487fb9-c5ff-4271-b4b9-9e1f09926d61,connolly.cyou,premium,46.61,94.8,high,low,8,namesilo,,,25/09/2026 22:17
6589ad8c-e7a3-4e3d-96fb-ab13e99f69e9,standon.cyou,available,1.79,19.49,medium,low,8,namesilo,,,
6f9f341e-7e3d-4402-ab1a-a7fa096b1d9d,neuroscience.cyou,premium,59.71,119.23,high,low,12,spaceship,,,28/09/2026 04:12
914ccdaa-536a-48fc-9d77-daed49a462cd,block.cyou,premium,310.7,621.2,high,low,5,spaceship,,,28/09/2026 23:15
30819bec-5666-498d-901c-1eca56f1410b,constance.cyou,premium,41.08,81.97,medium,low,9,spaceship,,,28/09/2026 18:26
3e98963a-604f-41ca-9730-2fb91d58fc4e,skirt.cyou,premium,330,660,high,low,5,dynadot,,,29/09/2026 03:43
4568d146-fc54-49a4-b3a8-3e49639cc710,sirach.cyou,available,1.99,19.49,medium,low,6,namesilo,,,23/09/2026 07:34
c0bcb223-e105-4df2-a59c-b6824db6e43b,jennings.cyou,premium,51.35,102.7,high,low,8,namecheap,,,25/09/2026 19:32
cc27340b-8cf1-457d-8104-11e88a52cb64,faintly.cyou,available,1.39,25.98,medium,low,7,namecheap,,,14/09/2026 17:33
fb5cd925-722f-4679-bb98-2a745a6badf0,mystified.cyou,available,1.39,25.98,medium,low,9,namecheap,,,24/08/2026 21:32
39435f92-8294-4ab1-bfa3-5b81adf3fb18,babies.cyou,premium,384,768,high,low,6,namesilo,,,
eb03291b-a4a6-477f-be6b-d5be72dd73ce,gardening.cyou,premium,68.43,147.2,high,low,9,namesilo,,,28/09/2026 14:15
4ca32716-e68f-432c-8d16-3183131678b4,cindy.cyou,premium,282.88,565.76,high,low,5,namesilo,,,
42a4c185-ec14-4cab-b378-aa859471d4ad,said.cyou,premium,16.52,33.04,high,low,4,namesilo,,,
584087c2-a9a2-4d01-9759-fe28b1027b35,blush.cyou,premium,384,768,high,low,5,namesilo,,,13/08/2026 06:32
ff5e7917-3673-471e-b1fe-f293db5e8c29,protective.cyou,premium,46.61,94.8,high,low,10,namesilo,,,27/09/2026 07:44
5075445d-c234-4407-b0cf-cc47834ea50e,wholly.cyou,available,1.39,25.98,high,low,6,namecheap,,,
2b60c72a-8988-46f7-9753-eaecb5160645,they.cyou,premium,282.88,565.76,high,low,4,namesilo,,,
b453e6de-ae72-476e-9a82-946bbbce8799,pretend.cyou,premium,68.43,147.2,high,low,7,namesilo,,,25/09/2026 16:18
54b3e293-033f-4241-8fa2-986eae3ccc8c,futuristic.cyou,premium,74.75,149.5,high,low,10,namecheap,,,18/08/2026 19:17
e670d6ee-d3d8-4c92-b315-84892e28aba9,overtime.cyou,premium,59.71,119.23,high,low,8,spaceship,,,28/09/2026 16:30
4c1c9060-b02d-4a4d-ae0c-594d136f9e67,congressman.cyou,available,0.81,15.73,high,low,11,spaceship,,,28/09/2026 04:59
fc0d2355-fb6e-4d4e-b4a1-61cac472a5f0,fordham.cyou,premium,46.61,94.8,medium,low,7,namesilo,,,27/09/2026 07:54
94cc60ed-cf16-406e-b0ed-d5f054b11e34,bethune.cyou,premium,195,390,medium,low,7,namecheap,,,23/09/2026 11:17
8dc6690d-e843-4a84-8712-695118c790c1,classical.cyou,premium,68.43,147.2,high,low,9,namesilo,,,12/08/2026 09:42
c9353a9f-4323-4b87-9105-e491e04da50c,uncrowded.cyou,available,1.39,25.98,medium,low,9,namecheap,,,12/09/2026 06:35
86eb212d-1871-46b0-a6c8-64d0d1029f29,dinesen.cyou,available,1.39,25.98,medium,low,7,namecheap,,,22/09/2026 07:24
d2edd5a3-fb2f-4be1-bf16-1d61aecd458a,miracle.cyou,premium,154.7,309.4,high,low,7,namecheap,,,
aab07700-1ed1-459d-a94e-1461f02eaade,hint.cyou,premium,46.61,94.8,high,low,4,namesilo,,,24/09/2026 16:07
7eda77bd-d87e-40a7-8a8a-462ff46a154c,azoic.cyou,available,1.39,25.98,medium,low,5,namecheap,,,08/08/2026 02:22
48d6e34b-fdeb-44b8-b92b-384515f99710,tigerish.cyou,available,1.39,25.98,medium,low,8,namecheap,,,11/09/2026 15:51
dfa9fd86-e7c1-4c52-b5da-343c7b9d36dc,rimy.cyou,premium,11.8,23.6,medium,low,4,namesilo,,,09/09/2026 17:41
3e00ccba-0dd8-45b0-946f-fdb3002355ea,consumption.cyou,available,1.79,19.49,high,low,11,namesilo,,,
dac9a311-70fc-4ac4-a4e9-c1d327226ea3,anuria.cyou,available,1.99,19.49,medium,low,6,namesilo,,,19/09/2026 15:55
ca4be888-92eb-4b32-bedf-f4df9280de00,roommates.cyou,premium,46.61,94.8,medium,low,9,namesilo,,,21/09/2026 02:59
2124a192-a5d9-4576-af2d-8d875acf7a57,importantly.cyou,available,1.79,14.95,medium,low,11,namesilo,,,
2fee2872-76f2-4596-8ae1-92abf130d106,skirting.cyou,available,1.99,19.49,medium,low,8,namesilo,,,20/09/2026 08:31
4ac8ff4b-4da9-4ae3-8a04-6c28ccc1ae79,donuts.cyou,premium,384,768,high,medium,6,namesilo,,,18/09/2026 14:27
799fa35c-0272-4a29-b240-bb20a89edfd7,witloof.cyou,available,1.99,19.49,medium,low,7,namesilo,,,23/09/2026 05:01
28c98351-a4e3-46e7-b0e2-1715d795f5bb,totalizer.cyou,available,1.39,25.98,medium,low,9,namecheap,,,17/09/2026 06:58
bd0e7c72-fabe-4c39-b769-379274671a75,stabilized.cyou,available,1.39,25.98,medium,low,10,namecheap,,,10/09/2026 17:54
a35789ea-b8a3-46e2-8589-0bcbd086605f,wedded.cyou,available,1.39,25.98,high,low,6,namecheap,,,13/09/2026 09:30
2956ce12-0070-40f1-a8a7-099c86bf1116,unwanted.cyou,premium,68.43,147.2,high,low,8,namesilo,,,12/09/2026 07:48
74c9b20b-60e9-467f-8c2d-bb5a9d2ce9ea,mantra.cyou,premium,154.7,309.4,high,low,6,namecheap,,,
7c8d35bb-67bf-4c95-a3b8-f5e7026720e7,doubt.cyou,premium,1.79,14.95,high,low,5,namesilo,,,
3b29b713-1438-4424-9080-5288f9bd9526,ambition.cyou,premium,68.43,147.2,high,low,8,namesilo,,,18/09/2026 16:53
47d26ee1-2563-4a64-8956-8876e3fbe778,toiling.cyou,available,1.39,25.98,medium,low,7,namecheap,,,14/08/2026 20:00
2c7d0997-d8f2-4fbc-be8a-ba16a22aca6d,ziegler.cyou,premium,63.25,126.5,high,low,7,dynadot,,,28/09/2026 19:36
96ae7f69-e9f8-49ec-afb1-eb7e5aad2cee,hicks.cyou,premium,330,660,medium,low,5,dynadot,,,28/09/2026 12:48
f673ecf9-dbb7-487d-9bb5-f01e87cc7bdc,frightened.cyou,premium,68.43,147.2,medium,low,10,namesilo,,,18/08/2026 15:37
e49cff91-010e-40de-821d-338a731e9001,fantasm.cyou,available,1.39,25.98,medium,low,7,namecheap,,,08/09/2026 18:39
54645dc0-87aa-4e1e-99fc-31b576d53be8,picket.cyou,available,1.39,25.98,high,low,6,namecheap,,,04/09/2026 23:25
0abee971-8f86-488f-b6be-e4982a8872b4,artillery.cyou,available,1.99,19.49,high,low,9,namesilo,,,20/09/2026 11:43
0070356f-f158-4b13-8b41-df3b76f5efbe,montrose.cyou,premium,46.61,94.8,medium,low,8,namesilo,,,28/09/2026 04:14
42ccdd4e-8ed1-400c-b0a5-be7d2f04ca71,paula.cyou,premium,384,768,high,low,5,namesilo,,,25/09/2026 14:33
16cee963-842f-44e8-bf01-b9b5d2363c0d,uttered.cyou,available,1.39,25.98,medium,low,7,namecheap,,,17/08/2026 18:44
92c1f6bf-5f45-41eb-8c0b-fd4d730448ef,zapotec.cyou,available,1.39,25.98,high,low,7,namecheap,,,13/09/2026 15:07
5dd2e8d8-6ccc-474f-ab62-e5293a6d6cf6,susurrant.cyou,available,1.39,25.98,medium,low,9,namecheap,,,03/09/2026 11:08
aa2e1052-5d5a-4834-a9f1-499e3d69ddeb,levine.cyou,premium,390,780,medium,low,6,namecheap,,,25/09/2026 16:14
dafd6dc4-ba08-46fb-a898-a6fdf67c073e,torpedo.cyou,premium,74.75,149.5,high,low,7,namecheap,,,28/09/2026 05:28
e730153b-45d5-4065-8871-3b879110d793,hodgson.cyou,premium,59.71,119.23,medium,low,7,spaceship,,,28/09/2026 04:09
7d9559ed-6fe1-47d8-a589-de3207968711,chore.cyou,premium,19.48,,high,low,5,namecheap,,,
7ef3df16-6ddb-4271-ae6f-98b6d0f76c10,called.cyou,premium,68.43,147.2,high,low,6,namesilo,,,
3ca18911-20f1-4f9c-b516-418e7431c003,calendar.cyou,premium,74.75,149.5,high,medium,8,namecheap,,,24/09/2026 11:42
f1eb666e-4cd9-4dd6-9ce2-c47c29f8d81b,chart.cyou,premium,141.44,282.88,high,low,5,namesilo,,,
1885a618-e285-4a30-85b0-298315843cf2,deadening.cyou,available,1.39,25.98,medium,low,9,namecheap,,,10/08/2026 19:57
d9aacb4d-bd01-4a73-8065-312804d34142,decatur.cyou,premium,192,384,high,low,7,namesilo,,,27/09/2026 03:44
3c2268b9-fa71-45e2-8f47-93bc1c25c6a8,widen.cyou,available,1.79,14.95,high,low,5,namesilo,,,
6f304f4f-c8c5-403f-a937-2d8855f897cc,cervine.cyou,available,1.39,25.98,medium,low,7,namecheap,,,12/08/2026 01:00
964aef5b-15d7-43dd-adc2-0051ed84e025,crimes.cyou,available,19.48,,high,low,6,namecheap,,,
3477474b-b471-45ca-8da3-6e70107ab51f,gamely.cyou,available,1.39,25.98,medium,low,6,namecheap,,,14/09/2026 21:02
263ba73b-6f3f-4e06-9708-d61aa3111e0b,eyeshadow.cyou,premium,192,384,high,low,10,namesilo,,,
9837014a-80ce-4d24-b0f8-02dde43204c8,new.cyou,premium,384,768,high,medium,3,namesilo,,,24/09/2026 21:46
2762447d-dbcf-48a6-8358-c97dbffca557,hides.cyou,available,1.99,19.49,medium,low,5,namesilo,,,18/09/2026 23:59
20eca4b7-b4c2-4d4b-bd16-c14ad6c3adc7,sentenced.cyou,available,0.81,15.73,low,low,9,spaceship,,,28/09/2026 17:52
be0fb018-398b-47db-b14f-ee851f1171f1,vocational.cyou,premium,68.43,147.2,high,low,10,namesilo,,,13/09/2026 06:29
33568296-e1e6-436f-b75d-b93a2528f3fa,consciousness.cyou,premium,59.71,119.23,medium,low,13,spaceship,,,28/09/2026 08:13
8df50c49-072b-483e-a1ea-238f5455b1e3,splattered.cyou,available,,,medium,low,10,,,,13/08/2026 15:21
bd28a80d-fdc8-4af2-8cd3-4a2f4d011b50,whoever.cyou,available,1.79,19.49,medium,low,7,namesilo,,,
c7348091-d261-424a-884a-f227f9d22e1e,airflow.cyou,available,1.99,19.49,high,low,7,namesilo,,,17/09/2026 22:13
9315e942-96d4-4078-a582-98ba7fc09610,lowbred.cyou,available,1.39,25.98,low,low,7,namecheap,,,10/08/2026 22:02
bdccf0a7-ec20-40c5-87e9-88de144e0e2a,ooze.cyou,premium,11.8,23.6,high,low,4,namesilo,,,04/09/2026 15:40
13e693e4-d437-46ef-9333-0973d37e1cc5,mercy.cyou,premium,384,768,high,low,5,namesilo,,,25/09/2026 09:18
304dbc42-db8e-4a88-9afc-00ecfa5fbe42,smartest.cyou,premium,68.43,147.2,high,low,8,namesilo,,,20/09/2026 22:26
34f6f3e0-de8c-4f52-9dec-08d766e35bad,summon.cyou,premium,384,768,high,low,6,namesilo,,,29/09/2026 01:42
7ed6de88-8df9-46af-844b-ed55a9c6cc8b,bennett.cyou,premium,384,768,high,low,7,namesilo,,,23/09/2026 08:31
da956565-7fd7-4138-b99f-22b105ebcee3,misty.cyou,premium,384,768,high,low,5,namesilo,,,11/08/2026 06:51
1dfdbdac-4e3d-41c2-a5a0-9bc3d5107aa2,abattis.cyou,available,1.99,19.49,medium,low,7,namesilo,,,16/09/2026 14:11
d3d43498-9ccf-44e4-93bc-b6535295c5b6,back.cyou,premium,384,768,high,low,4,namesilo,,,22/09/2026 15:40
3393e92e-e92e-49a9-8375-17f7840b40d6,newsless.cyou,available,1.39,25.98,low,low,8,namecheap,,,03/09/2026 16:52
ed0d26ec-059f-4ed7-b802-dfe218a5deb0,abandoned.cyou,available,1.99,19.49,high,low,9,namesilo,,,21/09/2026 13:36
c9e1e6db-5ba5-4c27-9f11-c36b34b51c03,andrew.cyou,premium,310.7,621.2,high,medium,6,spaceship,,,28/09/2026 21:21
95c81a00-dabf-45a1-970b-52b2b590aadd,wares.cyou,available,1.99,16.27,medium,low,5,dynadot,,,28/09/2026 04:14
8d3a7dfe-0248-4e65-b06a-c6bedc8004b5,recover.cyou,premium,141.44,282.88,high,low,7,namesilo,,,
5774fbc6-4cba-49da-8377-3074c553c4b9,bine.cyou,premium,11.8,23.6,medium,low,4,namesilo,,,23/09/2026 17:13
e319fc40-f1e1-4eda-883e-a5c105b61f7a,urges.cyou,available,1.39,25.98,medium,low,5,namecheap,,,16/09/2026 09:15
38e7ca12-1271-46a4-b9bd-eb616c0cc704,pons.cyou,premium,390,780,high,low,4,namecheap,,,18/09/2026 07:24
6f8e25de-34ac-4e61-b008-be6e3d69a195,sagacious.cyou,available,1.39,25.98,high,low,9,namecheap,,,08/09/2026 18:02
3025fe66-1df5-411f-85eb-9fdcc337cc28,benton.cyou,premium,384,768,high,low,6,namesilo,,,25/09/2026 17:00
f04ae61b-4da9-46d2-9e5a-02f501481c79,plundered.cyou,available,1.39,25.98,medium,low,9,namecheap,,,24/08/2026 09:47
0c4bf072-fd44-484a-82a6-b8e2c48ac16c,murmured.cyou,available,1.99,19.49,medium,low,8,namesilo,,,18/09/2026 02:23
ba924f93-080a-481c-8b93-45faadbb2a08,oreo.cyou,premium,282.88,565.76,high,low,4,namesilo,,,
89e3d1c6-971b-45cf-a22d-95aab7314a57,scanty.cyou,available,1.39,25.98,medium,low,6,namecheap,,,09/09/2026 22:38
35a9d854-6128-4558-b095-2cf658b6109d,seedy.cyou,available,1.39,25.98,medium,low,5,namecheap,,,
a25210d2-d9db-4649-aa56-646b00c646e3,bahasa.cyou,available,1.99,19.49,medium,low,6,namesilo,,,21/09/2026 18:41
0a322265-091b-49a6-82b5-69d019108599,bits.cyou,premium,384,768,high,low,4,namesilo,,,
3f2a1448-7c42-442d-99b0-18d9c032fd26,riotous.cyou,available,,,medium,low,7,,,,13/08/2026 20:26
ebe33851-995e-4b85-b7da-dc36e5b8766d,florid.cyou,available,1.39,25.98,medium,low,6,namecheap,,,07/08/2026 17:26
0577c450-7d83-421d-91e6-77e397afc059,somatic.cyou,available,1.39,25.98,high,low,7,namecheap,,,13/08/2026 01:56
6226486c-3902-4766-b998-905bf72e3b89,include.cyou,premium,141.44,282.88,high,low,7,namesilo,,,
33872d41-3ee3-4ded-b09b-bf72cbaa4ffa,tabby.cyou,premium,384,768,high,low,5,namesilo,,,23/09/2026 09:31
5d532537-36e3-4adc-8fe7-0eec4163eb6e,espouse.cyou,available,1.39,25.98,high,low,7,namecheap,,,13/09/2026 09:39
703eaf9b-b7b0-4491-a3d9-bf5076e246e6,hawks.cyou,premium,328.02,655.52,medium,low,5,porkbun,,,28/09/2026 22:17
3f15afb7-2ca4-4b9a-a2c3-5ec936a7cda3,pianos.cyou,premium,384,768,medium,low,6,namesilo,,,20/09/2026 09:12
7ccd64b3-0cd5-4f02-bbf4-79299e9e10b2,cinderella.cyou,premium,32.45,65.45,high,low,10,namesilo,,,
fea25ee9-784a-4575-8c0f-5dcec087fbea,knockdown.cyou,available,1.39,25.98,medium,low,9,namecheap,,,22/08/2026 16:34
da12f03a-62d0-4878-8aa6-3f5bce926fd4,sass.cyou,premium,11.8,23.6,high,low,4,namesilo,,,21/09/2026 14:47
b6a8daaa-905b-4b99-85fe-0f38d908d0c2,criterion.cyou,premium,384,768,high,low,9,namesilo,,,28/09/2026 00:29
84bf2adc-0fca-4862-b844-76cda6c4ae78,solomon.cyou,premium,155.45,310.7,high,low,7,spaceship,,,28/09/2026 20:31
20e4d3dd-15d4-4fc6-bc61-915189f6d853,atrial.cyou,available,1.39,25.98,medium,low,6,namecheap,,,07/08/2026 14:24
ec5879be-8852-413d-96ef-98a7caf7edfe,carlisle.cyou,premium,46.61,94.8,high,low,8,namesilo,,,25/09/2026 14:54
cd0f6384-7ec1-42c3-b10a-247acbe1fe6b,potato.cyou,available,19.48,,high,low,6,namecheap,,,
f264c64f-a921-4add-b24d-db5e8495f360,leigh.cyou,premium,384,768,high,low,5,namesilo,,,25/09/2026 08:55
e1c5ab48-39f2-4b81-9105-ae74288f8ec9,constancy.cyou,available,1.99,19.49,high,low,9,namesilo,,,24/09/2026 17:32
d8eee426-b193-46f9-a709-ee40b0d7a29b,conformity.cyou,available,1.99,19.49,high,low,10,namesilo,,,16/09/2026 15:32
dc2585c9-5e7e-42a7-886e-3e7427375e7a,advent.cyou,premium,384,768,high,low,6,namesilo,,,17/09/2026 10:31
8a60d37a-0fb8-4a8d-8c80-e26e961a8b20,homoerotic.cyou,available,1.39,25.98,medium,low,10,namecheap,,,21/08/2026 12:51
6fad8f0e-93bf-4de1-a550-f8decbd0c604,burn.cyou,premium,46.61,94.8,high,low,4,namesilo,,,28/09/2026 02:13
720d444c-e042-44c5-bce3-458091e3701a,emergency.cyou,premium,32.45,65.45,high,low,9,namesilo,,,
252975ec-117e-44fb-8e10-3d5d762f2b33,physics.cyou,premium,192,384,high,low,7,namesilo,,,25/09/2026 23:49
31d89ecd-d2c0-40d1-ab78-fe42fb6a77a5,alison.cyou,premium,41.08,81.97,medium,low,6,spaceship,,,28/09/2026 04:29
371b31ae-bb43-46b5-ae9c-fef4077b8a66,chilly.cyou,premium,384,768,high,low,6,namesilo,,,12/08/2026 05:30
e24faeee-c9c8-48b0-a7a0-20dc16f3b584,arrest.cyou,available,1.39,25.98,high,low,6,namecheap,,,20/08/2026 22:54
8c241209-0afe-4af6-be78-53ad3e80dd76,dougherty.cyou,premium,41.08,81.97,medium,low,9,spaceship,,,28/09/2026 23:48
882208e5-1e38-4a63-8483-1b5a4b1282e6,ablaze.cyou,premium,11.8,23.6,high,low,6,namesilo,,,
de9a98e3-bccb-45ec-aba9-700090fd3a1b,lunt.cyou,premium,11.8,23.6,medium,low,4,namesilo,,,18/09/2026 06:40
a3976bfa-4301-4982-a6ff-0dcc643fd4d8,gusty.cyou,available,1.39,25.98,medium,low,5,namecheap,,,20/08/2026 21:10
76adf075-1ec7-46bc-9fd5-968921e91701,stalwart.cyou,available,1.39,25.98,high,low,8,namecheap,,,21/08/2026 00:53
d5a2ef36-34a3-43e1-8e11-97ff3043446b,strength.cyou,resell,,,high,low,8,Dynadot Inc,26/01/2026 12:52,26/01/2027 23:59,26/09/2026 09:20
45c5beb6-5ea9-4ede-b074-6a15785ce3ff,familial.cyou,available,1.39,25.98,high,low,8,namecheap,,,17/08/2026 21:41
464ed895-a67a-4d45-80d3-dfce380ff4a1,unjust.cyou,available,1.39,25.98,medium,low,6,namecheap,,,22/08/2026 03:49
f79346f0-0724-4fb3-b409-94ea91995bfe,previous.cyou,available,1.79,14.95,high,low,8,namesilo,,,
d9dca9e5-5e81-4297-97f6-cbc9c92d2298,rude.cyou,premium,384,768,high,low,4,namesilo,,,22/09/2026 16:12
8c9d1c75-3c97-47cd-8793-256624f4da4e,oahu.cyou,premium,10.55,20.9,medium,low,4,spaceship,,,28/09/2026 10:38
90669803-4a1e-43f6-96f1-7efb0d2fe078,considering.cyou,available,1.99,19.49,medium,low,11,namesilo,,,26/09/2026 03:06
6bbbffe7-6518-40b1-8a71-aa994bf023af,castle.cyou,premium,384,768,high,low,6,namesilo,,,25/09/2026 04:06
6f95f2f5-5e69-4685-92ab-e64fbcdf23d1,abnegation.cyou,available,1.39,25.98,medium,low,10,namecheap,,,16/09/2026 16:16
f858cce9-1141-4604-97ec-e9bb65a196df,ashkenazi.cyou,available,1.39,25.98,high,low,9,namecheap,,,20/09/2026 13:54
c93cca71-7296-4977-b234-83f09fe47d6c,rowland.cyou,premium,195,390,high,low,7,namecheap,,,25/09/2026 15:13
5b84a399-3ed7-4e25-a9ca-aedaed9ba435,graven.cyou,available,1.39,25.98,medium,low,6,namecheap,,,17/08/2026 07:43
2f630485-0dab-4d5a-9463-7fb06d4760aa,shuddering.cyou,available,1.39,25.98,medium,low,10,namecheap,,,10/09/2026 07:02
b2e7d52f-85c5-42f0-a7bf-13d1612cc51e,basket.cyou,premium,384,768,high,low,6,namesilo,,,29/09/2026 01:26
aa1ead5d-9a33-4e7e-85bd-c95432ff35de,judgement.cyou,available,1.79,14.95,high,low,9,namesilo,,,
69956715-ffa3-490a-b94b-40f19acda6f5,baal.cyou,premium,11.8,23.6,high,low,4,namesilo,,,21/09/2026 12:05
e822c631-b417-461f-9f42-11a1e1c0ece5,erp.cyou,premium,192,384,high,medium,3,namesilo,,,28/09/2026 21:45
97e3b5e3-b2b1-4dc4-8232-113816dc2bc5,accentor.cyou,available,1.99,19.49,medium,low,8,namesilo,,,16/09/2026 21:58
c5765e7a-106b-4e98-b24b-baf1206b830e,unwieldy.cyou,available,1.39,25.98,medium,low,8,namecheap,,,12/08/2026 13:10
f202e1a2-9d2f-489d-ba74-29aa198f3e24,brisant.cyou,available,1.39,25.98,medium,low,7,namecheap,,,11/08/2026 04:27
f3f0686d-363e-4a57-8c7d-40690cec8167,incoherent.cyou,available,1.39,25.98,medium,low,10,namecheap,,,22/08/2026 01:42
02eddb64-5e55-425c-ab21-be4a2d441645,hospitably.cyou,available,1.39,25.98,high,low,10,namecheap,,,15/09/2026 01:10
ce2cea6f-1353-4a1e-8e96-bf268ce33937,spoilt.cyou,available,1.39,25.98,medium,low,6,namecheap,,,10/08/2026 14:19
a7aa8b52-c641-4bd9-9d76-b5b30df7b4bb,saddam.cyou,available,1.39,25.98,medium,low,6,namecheap,,,25/09/2026 23:11
ce9a36ab-8c5b-4d8c-bcea-65ca11b50ef5,sacral.cyou,available,1.39,25.98,high,medium,6,namecheap,,,09/09/2026 20:38
44778a8b-9ff0-4d0c-88b7-d92efd4c094d,dusty.cyou,premium,384,768,medium,low,5,namesilo,,,14/08/2026 21:35
40c6f17a-88e2-4601-b96f-3835c0729c3d,birdhouse.cyou,available,1.39,25.98,high,low,9,namecheap,,,23/09/2026 20:39
8578be87-da53-47ff-a547-c1758dc2e081,triple.cyou,premium,384,768,high,low,6,namesilo,,,28/09/2026 02:16
bf535a46-8c7f-42ef-8792-6427cc09ff45,wanton.cyou,available,1.39,25.98,medium,low,6,namecheap,,,25/08/2026 07:57
5fe278b8-96b6-46f8-8d72-5221162e8dc9,deborah.cyou,premium,390,780,medium,low,7,namecheap,,,28/09/2026 12:59
61583f58-d16b-48cc-a91b-39b9439db493,synaptic.cyou,available,1.39,25.98,high,low,8,namecheap,,,11/09/2026 06:09
10db6b1a-aee9-46a0-a768-cd255ec1441d,steel.cyou,premium,141.44,282.88,high,low,5,namesilo,,,
b81f89f1-04ce-42bd-8dbf-b66edd0f7789,soup.cyou,premium,16.52,33.04,high,low,4,namesilo,,,
6f89f8c5-354c-443d-a548-4bb45fafaa6b,resilient.cyou,premium,68.43,147.2,high,low,9,namesilo,,,10/08/2026 21:47
242a308f-7be8-4f58-a87a-f0528ad705ae,birder.cyou,available,1.39,25.98,high,low,6,namecheap,,,23/09/2026 20:38
1796948d-cf86-4ddf-bb91-af7dc99cf6ba,shuha.cyou,available,1.39,25.98,medium,low,5,namecheap,,,10/09/2026 07:04
35c8ba15-a823-46b6-8e57-a3a04a8aea53,thiamine.cyou,available,1.99,19.49,medium,low,8,namesilo,,,19/09/2026 05:38
9d4c32b1-1ef6-4383-8376-aac58cea0ff2,essential.cyou,premium,68.43,147.2,high,low,9,namesilo,,,22/09/2026 00:42
dc0e2ae1-5fc2-4f52-b486-b711bcf67985,triad.cyou,premium,384,768,high,low,5,namesilo,,,
0b8e44c4-13e5-4d05-a4a7-b4dd515ead0f,gustav.cyou,available,1.39,25.98,medium,low,6,namecheap,,,25/09/2026 21:40
b201338f-2b5d-4a52-8986-9e4a2c76a366,fumed.cyou,available,1.39,25.98,medium,low,5,namecheap,,,18/08/2026 18:20
f6b2bb4b-e9ff-4275-8c96-60424f3563fe,tingling.cyou,available,1.39,25.98,high,low,8,namecheap,,,11/09/2026 15:29
522fc64c-c0c5-4054-8c6c-78f324089208,autotroph.cyou,available,1.99,19.49,medium,low,9,namesilo,,,21/09/2026 07:36
b696f074-3857-4a4c-b91f-b3065aec512d,maritime.cyou,premium,68.43,147.2,high,low,8,namesilo,,,24/08/2026 16:00
b428e044-069b-4c62-b282-e182a7f00b1f,cements.cyou,available,1.99,19.49,medium,low,7,namesilo,,,20/09/2026 09:07
ebcf65e1-e442-4c55-9c39-1d6dec3755b9,negative.cyou,premium,68.43,147.2,high,low,8,namesilo,,,24/09/2026 11:09
bcd6bc9f-e3b6-4a8a-9db2-19e543a62d70,delphian.cyou,available,1.39,25.98,medium,low,8,namecheap,,,14/08/2026 00:48
7b8a872e-cdc1-40ef-9209-8205f2ebf481,abramis.cyou,available,1.99,19.49,medium,low,7,namesilo,,,16/09/2026 16:53
d353a841-28a8-4b2e-8ab5-d96f0b55fc9c,wheeled.cyou,available,1.39,25.98,high,low,7,namecheap,,,13/09/2026 11:20
18f4ae83-520a-4641-9298-3455dc4b36a1,stepson.cyou,available,19.48,,high,low,7,namecheap,,,
5b0dee7a-222a-41bc-a733-5460d892f90d,blabber.cyou,premium,46.61,94.8,medium,low,7,namesilo,,,23/09/2026 11:33
3a23f6c2-f004-43e3-9b14-8d28ddd992a3,mice.cyou,premium,13,26,high,low,4,namecheap,,,28/09/2026 07:00
27ead5a1-f6bf-43e4-aa3f-39103f3c1279,graphic.cyou,premium,59.71,119.23,high,low,7,spaceship,,,28/09/2026 05:58
96616a01-923e-4eab-817a-691e2f8fbee1,acknowledge.cyou,available,19.48,,high,low,11,namecheap,,,
09d742d1-a701-43ff-8fd5-94f87443bead,outdoorsy.cyou,available,1.39,25.98,high,low,9,namecheap,,,04/09/2026 19:14
754a1353-1b1d-46d0-a190-30dcd5e49a21,lsd.cyou,premium,310.7,621.2,high,low,3,spaceship,,,28/09/2026 06:12
dd12c5cc-649f-499a-8a3f-2ad6b5f01386,insulting.cyou,available,1.99,19.49,medium,low,9,namesilo,,,23/09/2026 21:52
430bf971-2dd2-42a3-86ee-bb2a1dcff97d,linked.cyou,premium,384,768,high,low,6,namesilo,,,25/09/2026 13:54
2527630c-5849-45fc-88d2-6f9408ae0a52,lovesome.cyou,available,1.39,25.98,medium,low,8,namecheap,,,
6227fa91-b2dd-429f-8bac-6cbf63ea5662,scanner.cyou,premium,63.3,126.07,high,low,7,porkbun,,,28/09/2026 18:57
3056b79d-0abe-4816-9348-fd7a98ae5d3d,stressful.cyou,available,1.39,25.98,medium,low,9,namecheap,,,03/09/2026 15:42
2b21400b-8218-4614-a3e2-ab88a74972de,declare.cyou,premium,59.71,119.23,high,low,7,spaceship,,,27/09/2026 16:32
9f9fbda3-42fd-4d21-ad95-013024634b1a,reaching.cyou,premium,68.43,147.2,high,low,8,namesilo,,,20/09/2026 09:16
bc94ec1a-0e8f-4b7c-a61b-38089a952133,avulsion.cyou,available,1.39,25.98,medium,low,8,namecheap,,,21/09/2026 09:54
34c246c9-3717-4bcd-8917-7c96ee945d40,mastered.cyou,premium,68.43,147.2,high,low,8,namesilo,,,14/08/2026 17:35
66b79219-a5f3-4c5d-9f81-3899a9600363,remind.cyou,premium,390,780,high,low,6,namecheap,,,24/09/2026 20:14
29504c45-ba3e-4ee2-8357-ca2a52294c08,prairie.cyou,available,1.79,14.95,high,low,7,namesilo,,,
7506116f-977d-43df-87db-d435ce4849dc,pivot.cyou,available,19.48,,high,low,5,namecheap,,,
6e5a5f74-759d-402b-8d60-fca864368fc9,elects.cyou,available,1.39,25.98,medium,low,6,namecheap,,,21/09/2026 04:31
7835c19f-98a4-4dd0-8f9c-fc8c2c28e715,staple.cyou,available,1.39,25.98,medium,low,6,namecheap,,,10/09/2026 18:45
362d14c8-7a33-4386-ab88-ca739400ed93,captious.cyou,available,1.39,25.98,medium,low,8,namecheap,,,11/08/2026 18:18
68153eff-06bd-4476-b2a3-a35bc59c1f5f,smallpox.cyou,available,1.99,19.49,medium,low,8,namesilo,,,29/09/2026 02:12
ce083e14-465f-424b-a115-3abfd0e1cd6c,better.cyou,premium,390,780,high,medium,6,namecheap,,,22/09/2026 20:11
bae0a486-74a1-4bf7-bbd2-848aed38c38d,romanic.cyou,available,1.39,25.98,high,medium,7,namecheap,,,09/09/2026 18:30
684f7d72-049b-400a-b108-a0bdc71b20c3,grumbler.cyou,available,1.99,19.49,medium,low,8,namesilo,,,23/09/2026 06:49
4b6493b0-a4ab-4600-9fa8-30c4e96a1af3,wife.cyou,premium,19.6,39.2,high,low,4,namecheap,,,
5bdb69db-0efc-42b5-bf7b-66a767302711,deliver.cyou,premium,68.43,147.2,high,low,7,namesilo,,,29/09/2026 02:52
9ceea128-378f-496e-9493-b48ac8dc12d3,wahoo.cyou,available,1.39,25.98,medium,low,5,namecheap,,,16/09/2026 20:48
46866e1b-f245-476e-b83e-9e9d66a46371,bored.cyou,premium,390,780,high,low,5,namecheap,,,23/09/2026 00:16
83c56a4b-c4fb-4b7a-b7ee-6ff896afb3d9,malaria.cyou,available,1.79,14.95,medium,low,7,namesilo,,,
179f1a84-1024-4405-b03d-3c21f6d7ec5e,purau.cyou,available,1.99,19.49,medium,low,5,namesilo,,,21/09/2026 22:02
9b459ace-8ed7-46ec-bb41-bd7ca6eb72fd,winners.cyou,premium,384,768,high,high,7,namesilo,,,19/09/2026 23:22
ef29fb35-c819-48a3-800f-de3fa60a9307,roadman.cyou,available,1.39,25.98,medium,low,7,namecheap,,,21/09/2026 18:08
5b487e6e-233b-4fab-82c6-1ad6b63e5b7b,distance.cyou,premium,63.25,126.5,high,low,8,dynadot,,,28/09/2026 20:43
ce8e0b50-d642-41a3-8e21-8b841c1c486a,tercet.cyou,available,1.39,25.98,medium,low,6,namecheap,,,
929f4d53-8512-43f3-a277-d1cbdc95f082,roxbury.cyou,available,1.99,19.49,medium,low,7,namesilo,,,28/09/2026 12:20
3f090235-5c02-4765-bd52-5fb172d11900,sumbuddy.cyou,available,1.79,14.95,low,low,8,namesilo,,,
e1ee1fc4-bbef-4e43-be85-65ec06631609,morning.cyou,premium,192,384,high,low,7,namesilo,,,28/09/2026 01:56
9b0c13db-b5dd-4d09-8e3d-0f59875ead31,polemical.cyou,available,1.39,25.98,medium,low,9,namecheap,,,08/09/2026 22:53
76013570-6603-4eed-bc53-7c59c771efd5,graduation.cyou,premium,68.43,147.2,high,low,10,namesilo,,,24/09/2026 16:27
f6a0b2af-0e6c-45b9-910c-4631d79d97ed,tweedy.cyou,premium,384,768,medium,low,6,namesilo,,,21/08/2026 11:21
6415aa1c-5d73-46b4-bb73-a6334981c411,phd.cyou,premium,390,780,high,low,3,namecheap,,,25/09/2026 09:56
5369181b-b93d-4423-b962-3a15bcaf5349,actuator.cyou,available,1.99,19.49,medium,low,8,namesilo,,,17/09/2026 05:24
308995ce-9125-41b3-9807-0ecc2179830e,franciscan.cyou,premium,46.61,94.8,high,low,10,namesilo,,,18/08/2026 14:06
2d1face8-69f8-4ec9-adc1-91005356071e,gears.cyou,available,25.98,,medium,low,5,namecheap,,,
965a6cae-9b7e-4909-a0ac-2fc7c97fb5a1,spheric.cyou,available,1.39,25.98,medium,low,7,namecheap,,,08/08/2026 10:16
91350ccc-aaaf-40b0-b1e6-691f0d4e7a4d,superman.cyou,premium,384,768,high,low,8,namesilo,,,29/09/2026 00:15
d74bc60f-843a-4f64-b14e-351ae0eb68c1,ablaut.cyou,available,1.99,19.49,medium,low,6,namesilo,,,16/09/2026 16:06
c92c3cab-43da-4a64-98c4-44098b80f9a8,betrothed.cyou,available,1.39,25.98,high,low,9,namecheap,,,09/08/2026 18:07
5542256e-aab3-4229-ba2e-37b773a1fed7,adze.cyou,premium,51.35,102.7,medium,low,4,namecheap,,,17/09/2026 12:02
867d7443-3710-4c1a-97d2-7ac2794c8517,mothers.cyou,premium,192,384,high,low,7,namesilo,,,18/09/2026 06:34
2d70bb70-dad9-4e84-85d3-4472f1c9e7d3,chancel.cyou,available,1.99,19.49,high,low,7,namesilo,,,23/09/2026 07:13
4f7d9ba9-a464-441f-b829-192f0bb74321,takeout.cyou,premium,68.43,147.2,high,low,8,namesilo,,,19/09/2026 06:56
5e4340b4-b252-4e52-b989-a6669cae7167,decelerate.cyou,available,1.39,25.98,medium,low,10,namecheap,,,10/09/2026 11:21
99cccab7-28e3-450e-bf16-9050d0709a51,shucks.cyou,available,,,medium,low,6,,,,13/08/2026 16:16
69872d02-1492-42ba-a14a-90d76369afc5,ibuprofen.cyou,available,1.99,19.49,high,low,9,namesilo,,,17/09/2026 11:14
669665eb-c934-4546-8023-e729519d7090,procurable.cyou,available,1.39,25.98,medium,low,10,namecheap,,,18/08/2026 23:08
60aa4e7e-fd58-4775-bd42-e931870522fd,barbecue.cyou,premium,68.43,147.2,high,low,8,namesilo,,,29/09/2026 01:06
e0f4e68e-81e9-44d8-b030-6fd4f8e7cf17,ragamuffin.cyou,available,1.39,25.98,medium,low,10,namecheap,,,11/09/2026 09:09
cb24210e-8b2b-441e-9d26-9050039cccf0,sylvia.cyou,premium,43.65,86.77,high,low,6,porkbun,,,27/09/2026 19:08
f4e90f7f-1484-45c6-a31a-ef0692285a09,plane.cyou,premium,390,780,high,low,5,namecheap,,,24/09/2026 19:36
9297ff96-b38d-4201-a9e8-f029401702d9,assouan.cyou,available,1.39,25.98,medium,low,7,namecheap,,,20/09/2026 16:37
bae2a454-595c-467f-bade-3e8d2081c036,hanson.cyou,premium,390,780,high,low,6,namecheap,,,25/09/2026 13:05
cea5554f-3952-4782-9746-f4c5395b0972,emboss.cyou,available,1.39,25.98,medium,low,6,namecheap,,,10/08/2026 20:42
d9bc8661-a498-4b47-a365-1f9607dbd63a,kill.cyou,premium,390,780,high,low,4,namecheap,,,24/09/2026 11:57
3957d24a-54db-4c62-a586-f1e3ef5833cb,seaward.cyou,available,1.39,25.98,medium,low,7,namecheap,,,22/08/2026 06:58
442b926a-be5b-40ef-866d-bcd6a0172413,glorified.cyou,available,1.39,25.98,high,low,9,namecheap,,,11/08/2026 17:29
65e41129-1bf3-4439-b4ae-948ad7d71a53,unhealed.cyou,available,1.39,25.98,medium,low,8,namecheap,,,12/09/2026 12:08
73ec217e-5bd0-4ab5-b632-28b6e5812eee,wavell.cyou,available,1.39,25.98,medium,low,6,namecheap,,,20/09/2026 02:03
082cbd73-6927-4aa2-9b27-59a2a383b64a,normal.cyou,premium,384,768,high,high,6,namesilo,,,25/09/2026 23:07
5f9f977f-d2a5-413c-b23a-f5021d1774a1,titus.cyou,premium,384,768,high,low,5,namesilo,,,25/09/2026 05:37
f06febf3-1e46-4a54-833f-081ac451a298,sacredly.cyou,available,1.39,25.98,medium,low,8,namecheap,,,15/09/2026 23:01
dbea377a-d375-46f8-8290-b519dd6ed9e2,matisse.cyou,available,1.79,14.95,high,low,7,namesilo,,,
3bea57d6-25f8-43e9-9361-009cbe79f37f,endowed.cyou,available,1.39,25.98,high,low,7,namecheap,,,17/08/2026 01:23
fb469a32-dbef-455c-bf64-7172d61911fa,sexed.cyou,available,1.39,25.98,medium,low,5,namecheap,,,10/09/2026 05:13
8ce9f666-2d67-4998-989e-9e1ab83649f5,balaclava.cyou,available,1.39,25.98,medium,low,9,namecheap,,,21/09/2026 20:27
16a7e542-c408-4ec2-9817-aba08156e07e,quintuple.cyou,available,1.39,25.98,medium,low,9,namecheap,,,18/08/2026 05:54
48ab1f10-223c-422d-976a-0b4b50aa0156,androgyne.cyou,available,1.39,25.98,medium,low,9,namecheap,,,17/08/2026 10:38
100669a8-5680-40f2-addb-e1c327f5b0ed,avaritia.cyou,available,1.99,19.49,medium,low,8,namesilo,,,21/09/2026 08:46
07d61a91-ca7e-4d3d-880e-7cf473e3127d,navigate.cyou,premium,59.71,119.23,high,low,8,spaceship,,,28/09/2026 20:45
917b3d58-6c77-4687-847f-f571bbc6ea75,guido.cyou,premium,384,768,high,low,5,namesilo,,,27/09/2026 06:38
4f687af8-32f6-4b55-b780-9a9e632ac255,bitt.cyou,premium,384,768,medium,low,4,namesilo,,,23/09/2026 22:49
0f4e08c6-3f98-4ee5-93c5-4ec4b2ce09ec,birthmark.cyou,available,1.39,25.98,high,low,9,namecheap,,,23/09/2026 21:13
329e9ef2-0d8a-40db-9f3a-cc4449e48773,texting.cyou,premium,192,384,high,low,7,namesilo,,,17/09/2026 10:22
07522be8-4ab7-4970-8b80-009f3c57384d,coplanar.cyou,available,1.39,25.98,medium,low,8,namecheap,,,13/08/2026 00:32
66e0fbc9-f263-40d1-9b4a-69bc9a772097,endodontic.cyou,available,1.39,25.98,medium,low,10,namecheap,,,17/08/2026 01:06
56b634e9-a0f8-4ae8-8ed0-e92721a6e3ed,ott.cyou,premium,59.71,119.23,high,low,3,spaceship,,,28/09/2026 21:01
cded26e9-e475-4f4e-92fc-4345257dab21,inevitably.cyou,available,1.39,25.98,medium,low,10,namecheap,,,15/09/2026 08:09
900caebf-d779-4ef5-8e57-73d7843d432e,balcony.cyou,premium,74.75,149.5,high,low,7,namecheap,,,21/09/2026 21:28
3cf5e247-64d6-4943-93ac-3b327fc9bd15,amyl.cyou,premium,46.61,94.8,medium,low,4,namesilo,,,19/09/2026 00:29
ab49f702-36ed-44f7-a59d-9bd4c3108885,ass.cyou,premium,384,768,high,low,3,namesilo,,,09/08/2026 12:05
f79b9100-2f11-40e1-831e-5b84a868a197,prescribed.cyou,available,1.39,25.98,medium,low,10,namecheap,,,13/08/2026 22:17
6e32360d-b91f-4dc8-823f-3c3372fe6791,alky.cyou,premium,11.8,23.6,medium,low,4,namesilo,,,
06dd51ee-d8c6-4bc6-8205-a24ce77d36c1,bedroom.cyou,premium,390,780,high,low,7,namecheap,,,22/09/2026 23:08
a013ce41-c6db-4844-ae35-195382b2c748,pouring.cyou,available,1.39,25.98,high,low,7,namecheap,,,20/08/2026 21:01
d628f213-ee6b-4b7f-900f-586b7dfd014f,toured.cyou,available,1.99,19.49,medium,low,6,namesilo,,,20/09/2026 05:39
84cc661b-35e7-4a58-b537-539e1075b1ed,soundbar.cyou,available,1.79,14.95,high,low,8,namesilo,,,
c6409a88-c1f8-4bd9-ba69-8be7a75fdf98,flint.cyou,premium,384,768,high,low,5,namesilo,,,18/08/2026 08:20
70b4280d-d57e-41d5-adf1-35a2c368c5ee,framing.cyou,available,1.99,19.49,high,low,7,namesilo,,,29/09/2026 01:00
dac3051e-d62e-402d-9617-9ce1390a3749,icc.cyou,premium,384,768,high,low,3,namesilo,,,25/09/2026 07:43
d7b7aaef-0377-449f-9b45-06341bdd9895,noisome.cyou,available,1.39,25.98,medium,low,7,namecheap,,,18/08/2026 02:29
30bebf5b-f228-44ef-910c-b4dfd5f62e08,clemens.cyou,premium,155.45,310.7,high,low,7,spaceship,,,27/09/2026 12:32
aabeb0f9-84be-4ca8-8d9e-a5cf91f4ba4e,sneaker.cyou,premium,68.43,147.2,high,low,7,namesilo,,,11/08/2026 16:16
3abafe94-2434-4f42-a142-099a67a1528a,fashionable.cyou,available,0.81,15.73,high,low,11,spaceship,,,28/09/2026 15:41
fcfd9c39-adf0-438d-a642-a591abfb0fd1,dudley.cyou,premium,310.7,621.2,medium,low,6,spaceship,,,28/09/2026 12:03
0f9b7aad-aff5-45cc-8e0d-fe0ae0c6deb4,calico.cyou,available,1.39,25.98,high,low,6,namecheap,,,11/08/2026 14:19
4ffe1dda-82b6-4ebe-bb6c-6686e6788256,adler.cyou,premium,46.61,94.8,high,low,5,namesilo,,,25/09/2026 13:44
bb3aba84-045e-4964-a6bd-88086982ffee,butcher.cyou,premium,68.43,147.2,medium,low,7,namesilo,,,29/09/2026 03:05
ca9db35b-fbf9-484e-b429-25451d950997,reference.cyou,premium,74.75,149.5,high,low,9,namecheap,,,28/09/2026 18:25
968529d0-48af-4824-b9d5-c46615c307f6,daring.cyou,premium,46.61,94.8,high,low,6,namesilo,,,07/08/2026 21:39
f7937146-3384-490e-9e6d-643020292d24,kidd.cyou,premium,41.08,81.97,high,low,4,spaceship,,,28/09/2026 01:23
130bd88f-2066-43fd-9097-9c9d37dc6494,lausanne.cyou,premium,59.71,119.23,high,low,8,spaceship,,,27/09/2026 14:41
53b6e2f4-8847-441f-bf8f-ae604bbd56e1,elevated.cyou,premium,68.43,147.2,high,low,8,namesilo,,,16/08/2026 03:35
d7035b26-a605-49a5-8c10-bc0fce514a79,pean.cyou,premium,11.8,23.6,medium,low,4,namesilo,,,05/09/2026 00:47
c720bfb4-8db3-43c7-abe0-6d3e562ddd29,bachelor.cyou,premium,59.71,119.23,high,low,8,spaceship,,,29/09/2026 00:12
686f0325-c781-48ea-96a4-abcecb9e2957,lacerate.cyou,available,1.39,25.98,medium,low,8,namecheap,,,22/08/2026 17:51
9e1ee28f-7f39-4172-9ef0-f95ba0cbbcbf,abundant.cyou,premium,68.43,147.2,high,low,8,namesilo,,,21/09/2026 15:18
11bfd200-b6fb-4721-89c1-b7ce623c185d,sellable.cyou,available,1.39,25.98,medium,low,8,namecheap,,,24/08/2026 20:28
efd25348-f3d7-4b4a-83c6-973a3884e4ca,henson.cyou,premium,310.7,621.2,medium,low,6,spaceship,,,28/09/2026 14:26
ffe9e55d-799d-4930-af77-5fad0d3d8d44,henbane.cyou,available,1.99,19.49,medium,low,7,namesilo,,,24/09/2026 00:54
d9ae6b27-0163-4396-aa2d-eed11a804971,senefelder.cyou,available,1.99,19.49,medium,low,10,namesilo,,,18/09/2026 13:11
55a860be-bc3e-433c-9f41-8136c3fa31c8,harpo.cyou,premium,390,780,high,medium,5,namecheap,,,20/09/2026 11:01
5a89cc19-243f-41b9-9826-1d48d9be33b3,honors.cyou,premium,384,768,medium,low,6,namesilo,,,28/09/2026 13:12
d7ccc4c8-48f7-4b6c-9e50-ac9cc0e65eee,catclaw.cyou,available,1.99,19.49,medium,low,7,namesilo,,,23/09/2026 23:59
f1b35ae2-c0c7-4872-8210-0a5daadf4e84,slenderize.cyou,available,1.39,25.98,medium,low,10,namecheap,,,10/09/2026 10:53
97510bce-c944-47b9-8b7d-753013b96065,babu.cyou,premium,46.61,94.8,medium,low,4,namesilo,,,21/09/2026 12:51
9c6be856-78eb-492b-b36f-85585bfa5da2,changeable.cyou,available,1.39,25.98,medium,low,10,namecheap,,,12/08/2026 01:51
7e0a89e3-7120-45d5-8285-fdeac1e9875d,aldo.cyou,premium,310.7,621.2,high,low,4,spaceship,,,29/09/2026 04:10
759fc3fa-88dd-4164-a09c-516e667fe657,scrutinise.cyou,available,1.99,19.49,high,low,10,namesilo,,,21/09/2026 03:07
1f46e7a1-1e80-46f6-ac2a-3b3dd6e4bb08,conflicts.cyou,available,1.39,25.98,medium,low,9,namecheap,,,19/09/2026 21:22
ad27f21b-a74e-4442-873d-54ab3edbe3f1,oxycontin.cyou,premium,384,768,medium,low,9,namesilo,,,20/09/2026 00:25
e1909fd4-8503-40cb-96c6-13e14523b761,arsine.cyou,available,1.39,25.98,medium,low,6,namecheap,,,20/09/2026 09:42
ecf9dce2-c9ab-4659-b998-c04796e1065e,iec.cyou,premium,155.45,310.7,medium,low,3,spaceship,,,28/09/2026 16:35
ded1233a-4ce6-44ed-99ec-2ef5ced06f7a,investigated.cyou,available,1.54,15.96,medium,low,12,porkbun,,,29/09/2026 00:03
f75d752b-2228-422e-9d48-c0654ee6a921,actuarial.cyou,available,1.39,25.98,medium,low,9,namecheap,,,
e97692d3-e2a2-4acc-ad66-a8da9a047b22,football.cyou,resell,,,high,low,8,Dynadot Inc,30/11/2025 14:00,30/11/2026 23:59,26/09/2026 06:11
e367ca6e-3db3-496f-9359-51cebbc8991b,leonard.cyou,premium,384,768,high,low,7,namesilo,,,25/09/2026 22:27
23e9351a-0e91-4377-a366-06612ea6c12a,scold.cyou,premium,384,768,high,low,5,namesilo,,,24/09/2026 16:34
17107591-7c4e-4793-b3f1-1b3f5b04ba28,josiah.cyou,premium,46.61,94.8,medium,low,6,namesilo,,,27/09/2026 01:34
b66ed121-8daa-45db-a9b5-cb5f28bfccc8,cursory.cyou,available,1.39,25.98,medium,low,7,namecheap,,,13/08/2026 11:41
46237d51-538b-4010-95da-e11abae5ebed,unsent.cyou,available,1.39,25.98,medium,low,6,namecheap,,,12/09/2026 19:18
8134332f-d538-4831-b8e7-f195d5863fc1,anemometer.cyou,available,1.99,19.49,medium,low,10,namesilo,,,19/09/2026 05:15
94bcf368-5469-432a-89ea-02d450d23cc0,brusk.cyou,available,1.39,25.98,medium,low,5,namecheap,,,11/08/2026 07:03
a6fc76b6-6546-4064-a50e-62b742552027,bingo.cyou,premium,390,780,high,low,5,namecheap,,,22/09/2026 20:37
e3752583-20f0-464d-9c3d-85bba7ad1f01,anson.cyou,premium,46.61,94.8,medium,low,5,namesilo,,,28/09/2026 07:57
9bc5c95e-cd5c-4134-8747-944f95186062,hockey.cyou,premium,384,768,high,low,6,namesilo,,,25/09/2026 22:46
275b66da-8f20-4f01-984c-8b40e10fd24c,beaches.cyou,premium,68.43,147.2,high,low,7,namesilo,,,20/09/2026 07:25
904edbd2-c079-4159-8c39-dddaa93f73c4,exulting.cyou,available,1.39,25.98,high,low,8,namecheap,,,17/08/2026 19:44
3a651e76-f6a4-4178-a8db-823b7c21bd43,auntie.cyou,available,1.39,25.98,high,low,6,namecheap,,,21/09/2026 04:11
265f8ea9-20fa-4fa3-85f3-7792941ebb74,slide.cyou,premium,141.44,282.88,high,low,5,namesilo,,,
c29f1275-2fb5-4ffc-954a-739f9a140c7a,intrastate.cyou,available,1.39,25.98,high,low,10,namecheap,,,22/08/2026 08:45
5e929b4d-df53-472e-823e-922c56721bb1,acores.cyou,available,1.99,19.49,medium,low,6,namesilo,,,17/09/2026 02:16
90ea7975-0d30-47f6-b231-68aefecf31df,chartless.cyou,available,1.39,25.98,medium,low,9,namecheap,,,12/08/2026 02:52
282dac41-40ad-404a-b8fb-29a89d6372ac,alchemic.cyou,available,1.39,25.98,medium,low,8,namecheap,,,
613524c7-e032-403f-a49b-87d88fc450f7,groping.cyou,available,1.39,25.98,medium,low,7,namecheap,,,20/08/2026 20:18
858e2074-3b5e-4a65-a38c-7ba4d1e2c602,lighter.cyou,premium,68.43,147.2,high,low,7,namesilo,,,22/09/2026 05:44
8eaa9cc8-5a6a-4acd-87cb-75edf3c52f59,pirate.cyou,premium,141.44,282.88,high,low,6,namesilo,,,
8aefe8bf-2db9-4351-9cb2-b60476289a90,crocodile.cyou,premium,38.5,77,high,low,9,namecheap,,,
6c273a13-cb6e-4816-9741-2f8b8d9824cc,amort.cyou,available,1.39,25.98,medium,low,5,namecheap,,,
9d30194d-a0c7-446c-b406-90cacb48391a,brute.cyou,available,1.39,25.98,high,low,5,namecheap,,,
e6678abd-c386-41f8-b32d-da7a88fafe7b,burns.cyou,premium,390,780,high,low,5,namecheap,,,25/09/2026 03:46
4209dbb2-6964-4388-86f8-caa64f3c57d8,sagely.cyou,available,1.39,25.98,medium,low,6,namecheap,,,16/09/2026 00:31
d757a8b8-78ec-4cf0-859f-688faaddfe07,makers.cyou,premium,390,780,high,medium,6,namecheap,,,19/09/2026 22:57
117aec8b-f1a4-4aee-adce-daf282f50bc0,divorced.cyou,available,1.39,25.98,medium,low,8,namecheap,,,14/08/2026 14:01
0ac52e9a-bb04-4e47-88a4-1a86ca83c4b0,jumbo.cyou,premium,384,768,high,low,5,namesilo,,,16/08/2026 03:34
d169f318-59c7-49d5-90a6-a1a0ad29a7e6,faceted.cyou,available,1.39,25.98,medium,low,7,namecheap,,,17/08/2026 20:24
9ef168b7-b370-4c27-ac63-066055e48e07,sic.cyou,premium,384,768,high,low,3,namesilo,,,16/09/2026 01:41
f1215474-8a4c-46ce-b3cd-5b40762eb5dc,arsenal.cyou,premium,384,768,high,low,7,namesilo,,,20/09/2026 09:36
592e125d-f08e-4297-9418-2cb58b766c88,epic.cyou,premium,384,768,high,medium,4,namesilo,,,24/09/2026 14:28
1c3b10d6-83de-4538-b262-f9ae38e4611d,diving.cyou,premium,141.44,282.88,high,low,6,namesilo,,,
a5a5acb6-73b5-4025-9ff7-f75051805078,zack.cyou,premium,43.65,86.77,high,low,4,porkbun,,,27/09/2026 18:11
f73195a9-9e46-47a0-bfce-12c9a4352e80,delivering.cyou,available,1.99,19.49,high,low,10,namesilo,,,28/09/2026 11:30
d215ab47-4294-40d3-81d9-62261277c0a4,humble.cyou,premium,384,768,high,low,6,namesilo,,,22/09/2026 17:44
a3e085fe-406e-4a5e-956c-1f34b6ee4d12,grouped.cyou,available,1.39,25.98,medium,low,7,namecheap,,,20/08/2026 20:22
e9860348-678d-47d9-b360-650bcdbbea43,paparazzi.cyou,premium,68.43,147.2,high,low,9,namesilo,,,16/09/2026 14:02
f304abaa-2279-4f52-bfc6-6c3da97ca6af,powdered.cyou,premium,68.43,147.2,medium,low,8,namesilo,,,19/09/2026 15:51
e29fe8eb-fe3e-4630-80ff-7b2f2ea10bd4,plastic.cyou,premium,195,390,high,low,7,namecheap,,,25/09/2026 21:21
8362376d-bf29-4f65-a83f-ad35c517cea8,bailment.cyou,available,1.39,25.98,medium,low,8,namecheap,,,21/09/2026 19:09
39043b0e-ff8c-4601-a363-20a2ad4824d4,exhaustive.cyou,available,1.39,25.98,high,low,10,namecheap,,,17/08/2026 17:08
12d7173b-eabf-4f90-9146-db63f433ce6d,sumter.cyou,premium,384,768,medium,low,6,namesilo,,,28/09/2026 12:23
68cea589-80aa-486e-a585-3b83f2b0d933,churl.cyou,available,1.39,25.98,medium,low,5,namecheap,,,13/08/2026 05:00
d9d306c1-1162-4884-bd83-4d3a628716eb,joliet.cyou,premium,384,768,medium,low,6,namesilo,,,29/09/2026 01:26
71ec7cd3-02fd-49b0-9b7a-bc9e9b761440,taunton.cyou,premium,192,384,medium,low,7,namesilo,,,28/09/2026 05:05
fa632182-a50e-4dc4-a51f-6a3492d5947a,immodest.cyou,available,1.39,25.98,medium,low,8,namecheap,,,21/08/2026 21:09
4d84e2de-f0a6-4b1e-b88d-981c8e635295,frances.cyou,premium,390,780,medium,low,7,namecheap,,,28/09/2026 11:53
a66209af-e6cf-4199-9c9b-33d49f63def4,playacting.cyou,available,1.39,25.98,medium,low,10,namecheap,,,
69fe696a-b198-4c3a-9020-6d35fd7435fc,diatonic.cyou,available,1.39,25.98,medium,low,8,namecheap,,,14/08/2026 06:21
cf829472-00bc-45ce-9c72-9eb10288f710,unasked.cyou,available,1.39,25.98,medium,low,7,namecheap,,,12/09/2026 01:10
f3b9648a-f589-45d4-bb66-da3bfc6dd376,haven.cyou,premium,141.44,282.88,high,medium,5,namesilo,,,
7bfdaf48-5d34-4155-8f9a-9ed3f1193ac2,raisable.cyou,available,1.39,25.98,high,medium,8,namecheap,,,09/09/2026 09:51
09e4236a-b877-4f37-bfd5-a9e088973b3b,affirmed.cyou,available,1.99,19.49,high,low,8,namesilo,,,17/09/2026 14:27
a5c3e33d-978c-4da7-9611-10231ba32e0e,sequel.cyou,available,1.79,14.95,high,low,6,namesilo,,,
06344a21-9495-4ad1-9111-3688dd8dcbc4,loveless.cyou,premium,68.43,147.2,medium,low,8,namesilo,,,24/08/2026 10:09
064834a9-9235-4eff-9ce2-0954aef7eeaa,counselor.cyou,premium,59.71,119.23,high,low,9,spaceship,,,28/09/2026 13:47
76e42c9a-b302-4a40-832e-00c46b36713b,argosy.cyou,available,1.99,19.49,medium,low,6,namesilo,,,20/09/2026 04:43
8210984c-771d-4aa6-94df-2ccf3410cdf8,apposite.cyou,available,1.39,25.98,high,low,8,namecheap,,,06/08/2026 07:53
7e8e34f7-e1c7-4fc8-a6b3-c07ab8261885,violin.cyou,premium,384,768,high,low,6,namesilo,,,28/09/2026 09:46
12b629b5-d937-4833-8169-fe96ef1a1564,bloodless.cyou,available,1.39,25.98,medium,low,9,namecheap,,,07/08/2026 02:19
78b655b3-b7f1-4392-ae52-10fb9ce216d5,preventive.cyou,available,1.99,19.49,high,low,10,namesilo,,,23/09/2026 22:24
75f5a264-00f1-4213-ae21-779ba3e48d2d,beignet.cyou,available,1.39,25.98,medium,low,7,namecheap,,,23/09/2026 04:07
d9d32e36-b5d1-4145-8990-3ec3e3976a36,row.cyou,premium,384,768,high,low,3,namesilo,,,25/09/2026 05:05
7a26278d-dc79-4c93-9a94-cb72eaa6f33c,assignee.cyou,available,1.99,19.49,medium,low,8,namesilo,,,20/09/2026 16:23
8a8a91bc-3638-4ba3-a94d-382728d6105c,recreate.cyou,available,1.39,25.98,high,low,8,namecheap,,,24/09/2026 14:10
4268d6d7-80e0-410e-b41c-e1f7eb2c2af3,outing.cyou,premium,141.44,282.88,high,low,6,namesilo,,,
3c3ce9d2-81af-4869-9f2c-2d6e42863d05,baritone.cyou,available,1.39,25.98,medium,low,8,namecheap,,,08/08/2026 19:36
e7d19182-ea88-416e-b02f-618c85a66acd,discovered.cyou,available,1.39,25.98,high,low,10,namecheap,,,22/09/2026 09:21
72eba4e3-2f0f-4145-b6e3-43972e1262d8,networks.cyou,premium,68.43,147.2,high,low,8,namesilo,,,19/09/2026 17:41
74311a0a-305e-44a4-9682-e9b921228806,dully.cyou,available,1.39,25.98,medium,low,5,namecheap,,,14/09/2026 14:43
bf9bfc93-5976-489c-9318-5cc05bb9ef01,ellen.cyou,premium,282.88,565.76,high,low,5,namesilo,,,
f9b07646-6e15-488a-bb34-2fc49ddddaa2,gets.cyou,premium,384,768,medium,low,4,namesilo,,,18/09/2026 02:13
bdef093d-4cab-41bc-8ec3-adf443da920b,profundity.cyou,available,1.39,25.98,medium,low,10,namecheap,,,16/09/2026 18:38
52dd0755-c886-455a-9dc1-265d2fd9d6d8,reborn.cyou,premium,390,780,high,low,6,namecheap,,,10/08/2026 20:11
c3a03277-4a4d-4d30-900e-8c5b0a8435cd,lund.cyou,premium,51.35,102.7,high,low,4,namecheap,,,25/09/2026 09:11
e91969ed-441f-42af-8736-10a8a4f5c32d,alces.cyou,available,1.99,19.49,high,low,5,namesilo,,,18/09/2026 03:55
3589495b-fd33-420c-8df0-ae1378f93d02,workable.cyou,premium,68.43,147.2,high,low,8,namesilo,,,17/08/2026 16:53
61898ec6-ae86-47d3-9499-25f500eedaff,webster.cyou,premium,384,768,high,low,7,namesilo,,,28/09/2026 01:45
74bcba19-2d4c-4e7e-919b-8ab9c8d496c6,touching.cyou,premium,68.43,147.2,high,low,8,namesilo,,,
64aea07c-1668-427b-83f0-e0887ffaf3be,leading.cyou,premium,63.3,126.07,high,low,7,porkbun,,,28/09/2026 23:25
4eb6a8bd-74dc-4b9f-97c0-8e1d6ef4c889,trimmed.cyou,available,1.39,25.98,high,low,7,namecheap,,,11/09/2026 20:02
6713d5d4-6318-495a-9905-e76d9cf597a6,ask.cyou,premium,65.45,140.8,high,medium,3,namesilo,,,
f4b53ac7-13d6-432c-b77e-54d214469e27,plague.cyou,available,1.99,19.49,medium,low,6,namesilo,,,29/09/2026 02:58
47fb34c7-1d79-4998-ae26-484bb0639290,aliquot.cyou,available,1.39,25.98,medium,low,7,namecheap,,,
e745552f-e513-442e-8b3a-2698927144b2,hobble.cyou,available,1.39,25.98,medium,low,6,namecheap,,,23/08/2026 13:26
e07a2d41-90c8-40f6-aa0d-e9da75dd860c,montgomery.cyou,premium,384,768,high,low,10,namesilo,,,16/09/2026 12:22
f69fbd6c-19ea-47fa-ae72-871c8aade7a2,strontium.cyou,available,1.39,25.98,medium,low,9,namecheap,,,20/09/2026 22:59
3def99b4-d92a-4423-8021-05f1c3f8bcfc,darkly.cyou,available,1.39,25.98,medium,low,6,namecheap,,,14/09/2026 10:39
94cc1856-3f37-4911-93be-1ca6f45020a1,barleycorn.cyou,available,1.99,19.49,medium,low,10,namesilo,,,22/09/2026 06:31
d6cd588a-8d3a-4504-a358-258ac2e5bfe8,ignatius.cyou,available,1.99,19.49,medium,low,8,namesilo,,,27/09/2026 14:14
a8c2fa48-1eb1-4501-9975-9e6b229e52cb,pithily.cyou,available,1.39,25.98,medium,low,7,namecheap,,,15/09/2026 20:06
b2b999c1-3d31-402a-8914-6b4594e60e3c,properly.cyou,available,1.39,25.98,medium,low,8,namecheap,,,13/08/2026 21:12
c07db2e1-7332-4f35-aa05-3156172f8136,doctorfish.cyou,available,1.39,25.98,medium,low,10,namecheap,,,16/09/2026 20:58
7e22efcc-8c80-4099-9463-2cb47d3205bd,botched.cyou,available,1.39,25.98,medium,low,7,namecheap,,,10/08/2026 20:51
93bdf206-3bad-4cdb-9a00-e8bfd0b70da7,magically.cyou,available,1.39,25.98,high,low,9,namecheap,,,13/09/2026 21:17
13e11cd7-2d5f-482b-b2b0-d01d96dd5730,established.cyou,available,1.79,14.95,high,low,11,namesilo,,,
ddce83de-8c39-4fbf-b0ad-c8f3984c32d0,messages.cyou,premium,68.43,147.2,high,low,8,namesilo,,,18/09/2026 22:11
32a82162-7a47-45aa-9b59-3592a7f3f535,contralto.cyou,available,1.39,25.98,medium,low,9,namecheap,,,
202d75ba-6368-4c06-9f76-9cdea97d6c2d,baste.cyou,available,1.99,19.49,medium,low,5,namesilo,,,22/09/2026 12:43
e83382cf-5294-4410-896d-2ad65f2a8f28,rested.cyou,premium,310.7,621.2,high,low,6,spaceship,,,27/09/2026 12:50
30cabd66-c6b6-4fbc-a8ca-896a08f61cd3,westwards.cyou,available,1.39,25.98,medium,low,9,namecheap,,,13/09/2026 11:02
c1abfce9-d94e-49f2-b6cc-48c09006862f,herakles.cyou,available,1.39,25.98,high,low,8,namecheap,,,18/09/2026 04:05
1023ef14-8bd9-433e-b1f7-1366da9fb6f3,atrazine.cyou,available,1.99,19.49,medium,low,8,namesilo,,,21/09/2026 00:37
cc66ae34-f408-4a9a-819d-002a62f19e46,curves.cyou,premium,309.4,618.8,medium,low,6,namecheap,,,
564df27c-4b6d-424a-b91a-9c1c9021f66c,bigness.cyou,available,1.39,25.98,medium,low,7,namecheap,,,23/09/2026 15:14
ceeb39f5-bdc9-44bb-a28e-b79ebe3acf47,designed.cyou,premium,68.43,147.2,high,low,8,namesilo,,,24/09/2026 06:34
15411de4-72e1-4488-b806-46596daa9c7f,exclaimed.cyou,available,1.99,19.49,medium,low,9,namesilo,,,18/09/2026 01:31
e1b0eac7-bfd3-4ee2-bd5e-9998cf3c353a,claimed.cyou,available,0.81,15.73,medium,low,7,spaceship,,,27/09/2026 23:56
f4137571-2fe4-4191-875a-08e73b405002,metal.cyou,premium,390,780,high,low,5,namecheap,,,25/09/2026 19:55
e8239f44-8176-4d8e-ab23-0ba9aebbef9c,semi.cyou,premium,11.8,23.6,high,low,4,namesilo,,,20/09/2026 11:18
1b19fcd3-61a7-4043-84e3-8133e78295f1,plate.cyou,premium,141.44,282.88,high,low,5,namesilo,,,
37427928-3b91-48ce-a8ab-22d6bc97bae6,peak.cyou,premium,390,780,high,medium,4,namecheap,,,24/09/2026 20:27
87b333fa-ed9c-4209-a1d4-26e5a7b43b82,would.cyou,premium,141.44,282.88,high,low,5,namesilo,,,
8f4dbec0-07fe-4068-bf16-14305037db5d,liability.cyou,premium,59.71,119.23,medium,low,9,spaceship,,,28/09/2026 09:46
692de516-e038-4d54-9c85-ec3f0505912f,calorie.cyou,premium,68.43,147.2,high,low,7,namesilo,,,24/09/2026 11:50
757633ea-b89c-448e-a868-9fe6aeb97f74,dripless.cyou,available,1.39,25.98,medium,low,8,namecheap,,,14/08/2026 19:31
4156ff55-0838-41bb-80ea-262a6ccbca22,vulpine.cyou,available,1.39,25.98,medium,low,7,namecheap,,,13/09/2026 07:26
4c1ee55b-cf5a-4aae-9c49-0b466ecf18e9,oversized.cyou,available,1.39,25.98,high,low,9,namecheap,,,04/09/2026 19:45
ea48983a-0a0d-4666-9389-2fc5139672f8,adjustor.cyou,available,1.99,19.49,medium,low,8,namesilo,,,17/09/2026 08:34
817adc53-aa5a-4f2c-900f-87dd9877af47,skag.cyou,premium,11.8,23.6,medium,low,4,namesilo,,,23/09/2026 14:39
53707f6b-1a0a-417c-ab6d-e173196eddd3,abo.cyou,premium,68.43,147.2,high,low,3,namesilo,,,
02c9cf0b-1901-4db0-955c-5eae31f98b42,autotelic.cyou,available,1.39,25.98,high,low,9,namecheap,,,07/08/2026 21:08
9e339d2b-ffae-48e8-80c4-fce9061be762,patton.cyou,premium,390,780,high,low,6,namecheap,,,25/09/2026 16:06
f40fff06-4a33-4864-a165-d09d2b162bcb,weismann.cyou,available,1.99,19.49,medium,low,8,namesilo,,,21/09/2026 03:48
c808e9d6-e868-4a6b-b7c3-efd209e821d7,focuses.cyou,available,1.99,19.49,medium,low,7,namesilo,,,20/09/2026 21:43
568713d9-4a49-47ea-bf1b-edefb922393f,pulls.cyou,available,1.39,25.98,medium,low,5,namecheap,,,16/09/2026 23:15
f550d476-9d6c-4eac-a1e7-47126f611d36,insolvent.cyou,available,1.39,25.98,medium,low,9,namecheap,,,08/08/2026 13:34
004f5810-bddf-44ea-9308-be4d461ce900,vandyke.cyou,premium,68.43,147.2,medium,low,7,namesilo,,,19/09/2026 13:44
b8aee27f-7411-437d-a6b2-886874190ff3,refreshing.cyou,available,1.39,25.98,high,low,10,namecheap,,,11/08/2026 00:37
b269a614-b13c-4c2b-a21e-45aab0c83b4d,drops.cyou,premium,390,780,medium,low,5,namecheap,,,18/09/2026 04:47
0341dce1-f7cc-421c-9d1f-a9602b8db590,hypnagogic.cyou,available,1.39,25.98,medium,low,10,namecheap,,,21/08/2026 17:03
5c5cb98c-eff7-496c-9857-1b0bc5fe2a0e,ata.cyou,premium,59.71,119.23,medium,low,3,spaceship,,,28/09/2026 11:37
42b1f6fe-ac25-450b-a80f-0ba4bd374682,sexless.cyou,available,1.39,25.98,medium,low,7,namecheap,,,10/09/2026 05:17
99cba37e-a9ca-4b45-a396-0d88397ed842,geographic.cyou,premium,46.61,94.8,high,low,10,namesilo,,,18/08/2026 22:27
aec27554-b714-4542-b1ed-3e4b1d2e1e43,mint.cyou,premium,384,768,high,high,4,namesilo,,,25/09/2026 20:41
612f39b6-bee3-40bf-bf96-31cdd3ed74cf,jolty.cyou,available,1.39,25.98,medium,low,5,namecheap,,,11/08/2026 09:50
90f65255-0a79-4f82-927b-7f5411d66779,shivaree.cyou,available,1.99,19.49,high,low,8,namesilo,,,23/09/2026 06:07
586b3924-6a23-4162-a4dd-e07fd3d1af3d,moved.cyou,available,1.79,14.95,high,low,5,namesilo,,,
760cdb17-23b7-43e7-83e3-ec9460efdbb1,correlate.cyou,available,1.99,19.49,high,low,9,namesilo,,,23/09/2026 23:49
716f7df3-ee91-457b-a741-dd2e2b2e82e3,pascal.cyou,premium,384,768,high,low,6,namesilo,,,24/09/2026 03:44
ab89d901-4508-47fe-8304-d938f63803e2,consensual.cyou,premium,192,384,high,low,10,namesilo,,,12/08/2026 22:31
5badc74a-2556-459e-9e87-82bbc921cf1a,laugh.cyou,premium,141.44,282.88,high,low,5,namesilo,,,
5590ea88-8705-472a-a928-2b08e3dbbe5d,vaulted.cyou,available,1.39,25.98,high,low,7,namecheap,,,14/08/2026 15:39
afd197a8-3407-4e8a-b210-b8347ced97af,gratuitous.cyou,available,1.39,25.98,medium,low,10,namecheap,,,13/08/2026 03:14
173f6672-8fa2-4ffe-898c-56ffc2e15941,cafeteria.cyou,available,1.99,19.49,high,low,9,namesilo,,,24/09/2026 11:37
5cecf267-5810-4913-a651-fc17b84e250c,exponent.cyou,available,1.99,19.49,high,low,8,namesilo,,,17/09/2026 11:51
a9840d4c-e6a6-424e-957f-af3ba17f8c05,variegated.cyou,available,1.39,25.98,medium,low,10,namecheap,,,13/09/2026 01:18
cc32b2b6-051f-4665-96ff-b48a1ca8933a,bairn.cyou,available,1.39,25.98,high,low,5,namecheap,,,21/09/2026 19:31
cbdca8dd-af80-4225-8618-56167c97ef2a,unfinished.cyou,available,1.39,25.98,high,low,10,namecheap,,,12/09/2026 10:17
2ee5c6de-ff66-40e1-870f-17c8b77b7ff0,heterodyne.cyou,available,1.39,25.98,medium,low,10,namecheap,,,21/08/2026 07:29
cf165929-e42c-471b-81ad-02cb86638111,unifying.cyou,available,1.39,25.98,high,low,8,namecheap,,,12/08/2026 22:44
f227e928-099c-425c-98a9-14ec3a3c754e,columbo.cyou,available,1.39,25.98,medium,low,7,namecheap,,,18/09/2026 19:32
ffacad3e-868b-4640-a9be-ba707f63c002,north.cyou,premium,384,768,high,low,5,namesilo,,,25/09/2026 23:09
e3fec7eb-1de9-4faa-845a-c05fd4981074,flyer.cyou,premium,384,768,high,low,5,namesilo,,,11/08/2026 05:11
74ee74eb-517d-45cd-95e1-806426cd93b8,bell.cyou,premium,310.7,621.2,high,low,4,spaceship,,,28/09/2026 20:18
c6b71fd7-e946-46d8-9c94-592709095914,rarefy.cyou,available,1.39,25.98,medium,low,6,namecheap,,,07/08/2026 15:31
73942f0c-9b6f-44dd-9d98-0328ef39aad8,wrists.cyou,available,1.99,19.49,medium,low,6,namesilo,,,20/09/2026 10:52
c2e355db-9522-4531-a650-0988024aeb13,teatime.cyou,premium,74.75,149.5,high,low,7,namecheap,,,17/09/2026 15:45
8f5c2010-c33c-4015-84b5-878d8b9db83b,taiwan.cyou,available,,,high,high,6,,,,
0cd8f61f-7fb7-45c5-beb7-21ecadd1d223,playfully.cyou,available,1.39,25.98,high,low,9,namecheap,,,15/09/2026 20:25
6dccafd7-a5eb-4785-b8d1-202189b255e6,beguiling.cyou,available,1.39,25.98,high,low,9,namecheap,,,22/09/2026 01:38
1bc254f6-161a-4ac0-bda9-bdda68f5ce45,agamic.cyou,available,1.39,25.98,medium,low,6,namecheap,,,
02717a6e-c6f5-4e2c-83d2-35557844f17f,bickering.cyou,available,1.99,19.49,medium,low,9,namesilo,,,23/09/2026 13:12
7d43f2fe-9f2b-4966-858e-00b048f3b195,sponsor.cyou,premium,68.43,147.2,high,low,7,namesilo,,,18/08/2026 15:15
5a26cea5-22c4-4c4d-9bf2-cb61ad3ffc20,outside.cyou,premium,384,768,high,low,7,namesilo,,,21/09/2026 23:49
d39fae7e-2024-4889-a8ae-85cfe7efb5bd,joe.cyou,premium,384,768,high,medium,3,namesilo,,,25/09/2026 11:19
4f914406-f326-4882-a42e-751709c6633f,acrylate.cyou,available,1.99,19.49,medium,low,8,namesilo,,,17/09/2026 04:05
131151dc-fea7-43a2-bac7-2da0a77e9516,fulbright.cyou,premium,46.61,94.8,high,low,9,namesilo,,,27/09/2026 04:04
27d768ea-4bfa-4c3f-a7fc-c8405e0f32c5,trigger.cyou,premium,68.43,147.2,high,low,7,namesilo,,,25/09/2026 06:46
f5ef4213-2d78-417c-addf-74cf43dc5ac1,anosmic.cyou,available,1.39,25.98,medium,low,7,namecheap,,,
6a29ff51-41d9-4229-bace-ebc9dd1d5cdf,stud.cyou,premium,390,780,high,low,4,namecheap,,,24/09/2026 23:35
e492456f-4605-435c-84c2-08d83de72512,ascendancy.cyou,available,1.99,19.49,high,low,10,namesilo,,,20/09/2026 13:06
25889467-cf31-4e53-bfa2-0a502af8901e,traveling.cyou,premium,32.45,65.45,high,low,9,namesilo,,,
8e30180d-ce51-4a78-aedf-fb0fda60c739,meter.cyou,premium,390,780,high,low,5,namecheap,,,25/09/2026 15:55
1ff4ee21-f46e-4ae9-985e-cbdb86535243,weldon.cyou,premium,384,768,medium,low,6,namesilo,,,28/09/2026 16:37
f33ab0f7-88a9-4807-bb5c-00f5ce654015,pommel.cyou,available,1.99,19.49,medium,low,6,namesilo,,,23/09/2026 13:53
2485d8bf-ec82-40f6-aa74-1898e1f85bdd,freedom.cyou,premium,282.88,565.76,high,medium,7,namesilo,,,
ce8a0356-8e37-41bb-8791-206073033fb4,moody.cyou,premium,384,768,high,low,5,namesilo,,,20/08/2026 14:59
1044abde-fa50-49e1-9b48-d526fa844d4a,violent.cyou,available,1.39,25.98,high,low,7,namecheap,,,11/09/2026 09:46
fbeda664-4fd3-4148-b941-420267f26dad,seawards.cyou,available,1.39,25.98,medium,low,8,namecheap,,,10/09/2026 01:02
15728d24-9513-499c-bd9b-071b359cbd3d,tremendous.cyou,premium,68.43,147.2,high,low,10,namesilo,,,17/08/2026 09:48
c939b79d-b28f-4583-9f0e-2115043715d1,tactical.cyou,premium,68.43,147.2,high,low,8,namesilo,,,11/09/2026 07:00
c74c7f05-7fd0-4b6c-ab23-12e11dbdf21d,affirm.cyou,premium,384,768,high,high,6,namesilo,,,24/09/2026 06:30
a00a8e63-c92c-4367-af97-1f154bead4f2,amiens.cyou,premium,384,768,medium,low,6,namesilo,,,29/09/2026 04:12
a99bbfd7-c1c1-4969-80b5-65cb94baafc7,harlem.cyou,premium,384,768,high,low,6,namesilo,,,28/09/2026 10:00
8ebbdaa6-a922-418e-9647-c7382465e487,barbara.cyou,premium,384,768,high,low,7,namesilo,,,25/09/2026 11:55